-- phpMyAdmin SQL Dump
-- version 4.7.7
-- https://www.phpmyadmin.net/
--
-- Host: localhost:3306
-- Generation Time: Oct 02, 2018 at 01:54 PM
-- Server version: 5.6.41-84.1
-- PHP Version: 5.6.30

SET SQL_MODE = "NO_AUTO_VALUE_ON_ZERO";
SET AUTOCOMMIT = 0;
START TRANSACTION;
SET time_zone = "+00:00";


/*!40101 SET @OLD_CHARACTER_SET_CLIENT=@@CHARACTER_SET_CLIENT */;
/*!40101 SET @OLD_CHARACTER_SET_RESULTS=@@CHARACTER_SET_RESULTS */;
/*!40101 SET @OLD_COLLATION_CONNECTION=@@COLLATION_CONNECTION */;
/*!40101 SET NAMES utf8mb4 */;

--
-- Database: `accessce_db`
--

-- --------------------------------------------------------

--
-- Table structure for table `almacen`
--

CREATE TABLE `almacen` (
  `idalmacen` int(11) NOT NULL,
  `idproducto` int(11) NOT NULL,
  `stock` int(11) NOT NULL
) ENGINE=InnoDB DEFAULT CHARSET=utf8;

--
-- Dumping data for table `almacen`
--

INSERT INTO `almacen` (`idalmacen`, `idproducto`, `stock`) VALUES
(1, 1, 630),
(2, 2, 180),
(3, 3, 10),
(5, 4, 1000),
(7, 5, 190),
(9, 6, 50),
(11, 7, 400),
(12, 8, 30),
(14, 9, 755),
(16, 10, 2500),
(18, 11, 690),
(20, 13, 770),
(24, 15, 10),
(26, 18, 710),
(28, 20, 5860),
(30, 19, 2220),
(31, 24, 6230),
(32, 25, 1320),
(33, 28, 870),
(35, 27, 30),
(38, 29, 190),
(40, 31, 970),
(41, 32, 250),
(43, 33, 70),
(44, 34, 840),
(45, 35, 120),
(47, 36, 100),
(49, 37, 10),
(51, 38, 10),
(53, 39, 100),
(55, 40, 200),
(57, 43, 60),
(59, 44, 40),
(60, 45, 240),
(62, 46, 460),
(63, 47, 10),
(64, 48, 320),
(66, 50, 1510),
(68, 51, 1100),
(69, 52, 110),
(71, 12, 400),
(72, 243, 780),
(74, 53, 210),
(76, 54, 50),
(78, 56, 100),
(80, 57, 140),
(81, 59, 110),
(83, 60, 760),
(85, 61, 940),
(87, 62, 1420),
(89, 63, 360),
(91, 64, 430),
(93, 65, 90),
(94, 66, 420),
(97, 67, 10),
(99, 69, 1100),
(101, 68, 280),
(103, 70, 920),
(107, 72, 50),
(109, 73, 10),
(111, 75, 120),
(115, 76, 150),
(116, 77, 60),
(118, 78, 1460),
(120, 79, 550),
(124, 80, 1520),
(125, 81, 930),
(127, 82, 300),
(129, 84, 170),
(131, 85, 1030),
(133, 86, 130),
(135, 87, 2290),
(137, 88, 210),
(139, 89, 60),
(141, 90, 50),
(143, 91, 30),
(145, 92, 459),
(147, 93, 400),
(148, 94, 200),
(150, 95, 260),
(151, 96, 370),
(152, 97, 230),
(154, 98, 170),
(155, 99, 20),
(156, 100, 710),
(157, 102, 60),
(158, 103, 10),
(159, 104, 10),
(160, 105, 10),
(161, 119, 20),
(162, 108, 530),
(163, 109, 10),
(164, 111, 570),
(165, 114, 230),
(166, 115, 280),
(167, 117, 260),
(168, 246, 50),
(171, 121, 2),
(172, 122, 650),
(173, 123, 80),
(174, 124, 30),
(175, 125, 120),
(176, 126, 380),
(177, 129, 20),
(178, 130, 470),
(179, 131, 840),
(180, 132, 600),
(181, 133, 40),
(182, 143, 40),
(184, 146, 910),
(185, 148, 40),
(186, 149, 20),
(187, 151, 500),
(188, 152, 280),
(189, 154, 450),
(190, 153, 730),
(191, 155, 720),
(192, 156, 40),
(193, 158, 450),
(194, 160, 440),
(195, 161, 560),
(196, 162, 710),
(198, 247, 500),
(199, 176, 1370),
(200, 178, 890),
(201, 180, 20),
(202, 182, 180),
(203, 184, 310),
(204, 185, 520),
(205, 186, 380),
(206, 187, 450),
(207, 248, 280),
(208, 190, 440),
(209, 192, 820),
(210, 195, 20),
(211, 196, 60),
(212, 250, 10),
(213, 251, 150),
(214, 279, 29),
(215, 280, 154),
(217, 281, 207),
(219, 282, 55),
(221, 283, 94),
(222, 252, 757),
(224, 253, 40),
(226, 432, 107),
(228, 256, 217),
(229, 258, 170),
(231, 259, 215),
(233, 260, 14),
(235, 262, 170),
(237, 264, 13),
(239, 266, 2),
(241, 267, 5),
(242, 269, 39),
(244, 271, 168),
(246, 434, 100),
(248, 436, 172),
(250, 276, 120),
(251, 277, 67),
(260, 285, 522),
(261, 286, 10),
(262, 287, 17),
(264, 288, 39),
(265, 289, 18),
(267, 291, 38),
(269, 293, 13),
(271, 294, 43),
(272, 296, 65),
(273, 297, 191),
(274, 298, 49),
(276, 300, 33),
(277, 302, 26),
(278, 303, 5),
(281, 304, 46),
(283, 307, 46),
(284, 308, 27),
(285, 309, 9),
(286, 310, 8),
(288, 336, 82),
(291, 337, 262),
(293, 339, 32),
(295, 340, 35),
(296, 342, 228),
(299, 343, 255),
(300, 344, 151),
(301, 345, 116),
(305, 346, 41),
(306, 347, 28),
(308, 349, 42),
(310, 350, 280),
(311, 351, 59),
(312, 352, 47),
(315, 354, 284),
(317, 439, 30),
(319, 355, 75),
(320, 356, 158),
(322, 357, 69),
(324, 358, 175),
(326, 359, 236),
(328, 361, 116),
(330, 362, 62),
(333, 363, 130),
(335, 365, 87),
(337, 366, 68),
(340, 368, 18),
(342, 370, 21),
(344, 371, 360),
(345, 372, 189),
(347, 374, 255),
(349, 375, 91),
(351, 377, 124),
(353, 378, 19),
(355, 380, 339),
(356, 381, 308),
(358, 382, 65),
(360, 384, 30),
(362, 385, 21),
(364, 387, 19),
(365, 389, 30),
(367, 392, 19),
(369, 393, 239),
(370, 395, 197),
(372, 397, 127),
(375, 398, 139),
(376, 400, 328),
(377, 402, 62),
(379, 404, 91),
(380, 406, 104),
(382, 408, 59),
(383, 410, 72),
(384, 412, 147),
(385, 413, 185),
(387, 415, 94),
(388, 417, 82),
(391, 419, 161),
(392, 420, 129),
(394, 422, 94),
(395, 424, 63),
(396, 426, 80),
(397, 311, 93),
(398, 315, 63),
(399, 316, 12),
(400, 318, 17),
(402, 319, 47),
(404, 320, 5),
(406, 321, 2),
(408, 322, 34),
(410, 323, 6),
(412, 326, 64),
(414, 327, 8),
(417, 329, 21),
(419, 330, 11),
(421, 331, 100),
(422, 333, 70),
(424, 335, 44),
(425, 442, 38),
(426, 444, 106),
(427, 446, 20),
(428, 447, 43),
(429, 448, 108),
(430, 449, 50),
(431, 452, 360),
(432, 453, 140),
(433, 454, 500),
(434, 455, 4),
(435, 457, 230),
(436, 458, 370),
(437, 459, 535),
(438, 460, 1280),
(439, 467, 350),
(440, 463, 580),
(442, 465, 340),
(444, 468, 60),
(445, 469, 20),
(446, 470, 158),
(447, 472, 40),
(448, 473, 110),
(449, 474, 30),
(450, 478, 330),
(451, 2020, 138),
(452, 2021, 90),
(453, 2022, 115),
(454, 2023, 120),
(455, 2037, 180),
(456, 2012, 159),
(457, 2013, 75),
(458, 2014, 17),
(459, 2015, 275),
(460, 2016, 397),
(462, 2019, 538),
(463, 2025, 285),
(464, 2026, 9735),
(465, 2027, 5185),
(466, 2028, 4285),
(467, 2029, 235),
(468, 2030, 236),
(469, 2031, 123),
(471, 2033, 335),
(472, 2034, 235),
(473, 2035, 156),
(474, 2036, 335),
(475, 2038, 4882),
(476, 2039, 881),
(477, 2040, 350),
(478, 2041, 356),
(480, 23, 46),
(484, 201, 173),
(485, 203, 169),
(486, 202, 262),
(488, 223, 46),
(489, 224, 48),
(491, 218, 238),
(492, 2047, 15000),
(493, 2048, 200),
(494, 2049, 200),
(495, 2050, 200),
(496, 2051, 200),
(497, 2052, 200),
(498, 2054, 200),
(499, 2053, 200),
(503, 2055, 1000),
(504, 2056, 500),
(505, 2057, 1000),
(506, 2058, 1000),
(508, 2059, 1000),
(509, 2060, 500),
(510, 2061, 300),
(511, 2062, 800),
(512, 2063, 800),
(513, 2064, 900),
(531, 2092, 530),
(532, 2093, 530),
(535, 2072, 240),
(536, 2073, 240),
(538, 2071, 240),
(540, 2099, 240),
(541, 2069, 530),
(542, 2118, 530),
(545, 2067, 530),
(549, 2120, 530);

-- --------------------------------------------------------

--
-- Table structure for table `categoria`
--

CREATE TABLE `categoria` (
  `idcategoria` int(11) NOT NULL,
  `nombre_categoria` varchar(45) NOT NULL,
  `tipo` varchar(45) NOT NULL
) ENGINE=InnoDB DEFAULT CHARSET=utf8;

--
-- Dumping data for table `categoria`
--

INSERT INTO `categoria` (`idcategoria`, `nombre_categoria`, `tipo`) VALUES
(2, 'Vidrios', 'Normal'),
(3, 'Fundas', 'Gummy'),
(4, 'Fundas', 'Agenda'),
(5, 'Fundas', '360 Full'),
(6, 'Pen Drives', ' 2GB'),
(7, 'Pen Drives', '4GB '),
(8, 'Pen Drives', '8GB'),
(9, 'Pen Drives', '16GB'),
(10, 'Pen Drives', '32GB'),
(11, 'Pen Drives', '64GB'),
(12, 'Pen Drives', '128GB'),
(13, 'Pen Drives', ' 2GB'),
(14, 'Pen Drives', ' 4GB'),
(16, 'Pen Drives', ' 8GB'),
(17, 'Cargador', 'Tipo C -  2A'),
(18, 'Audifonos', 'SAMSUNG'),
(19, 'Audifonos', 'HUAWEI'),
(20, 'Vidrios', 'Curvos'),
(21, 'Cables USB  (AA)', 'NOTE 4 - 1,50 M'),
(22, 'Cables USB', 'Iphone'),
(23, 'Micro SD', '8GB'),
(24, 'Micro SD', ' 4GB'),
(25, 'Micro SD', '16GB'),
(26, 'Fundas', 'Siliconas'),
(27, 'Vidrios', 'Tablets'),
(28, 'NANO', 'Normal'),
(29, 'Cargador', 'Tablet'),
(33, 'Bateria', '1500 Mah'),
(34, 'Bateria', '2100 Mah'),
(35, 'Bateria', '1800 Mah'),
(36, 'Bateria', '2600 Mah'),
(37, 'Bateria', '3200 Mah'),
(38, 'Bateria', '1650  Mah'),
(39, 'Bateria', '3220  Mah'),
(40, 'Bateria', '2000  Mah'),
(41, 'Bateria', '1850  Mah'),
(42, 'Bateria', '1900  Mah'),
(43, 'Bateria', '1350  Mah'),
(44, 'Bateria', '3300  Mah'),
(45, 'Bateria', '3100  Mah'),
(46, 'Bateria', '2400  Mah'),
(47, 'Bateria', '3500  Mah'),
(48, 'Bateria', '3000  Mah'),
(49, 'Bateria', '2800  Mah'),
(50, 'Bateria', '3600  Mah'),
(51, 'Bateria', '1200  Mah'),
(52, 'Cargador', 'V8'),
(53, 'Cargador', 'IP6'),
(54, 'Cables USB', 'FILTRO 1,5 M'),
(55, 'Cables USB', 'FILTRO 3,0 M'),
(56, 'Cables USB-TIPO C', 'P9'),
(57, 'Cables USB-TIPO C', 'S8'),
(58, 'Cables USB  (AAA)', 'NOTE 4 - 1,50 M'),
(59, 'Cargador', 'G600'),
(60, 'Cables USB  (AAA)', 'Tipo C'),
(61, 'Cable USB', 'V8 - AAA'),
(62, 'Cables USB MAGNETICO Fuerte', 'Tipo C- V8 - Iphone - AAA'),
(63, 'Cargador', ' V8 WITH SPECIAL PACKING LOGO '),
(64, 'Cables USB-TIPO C ', 'P6'),
(65, 'Fundas', 'Motomo'),
(66, 'Fundas', 'Gomas'),
(67, 'Fundas', 'Universales'),
(68, 'Fundas', 'Sin Relieve'),
(69, 'Fundas', 'Verus'),
(70, 'Fundas', 'Grabado'),
(71, 'Fundas', '360 Protection'),
(72, 'Fundas ', 'Agenda Sin Relieve'),
(73, 'Fundas', 'Agenda Sello Grabado'),
(75, 'NANO', 'Alas'),
(76, 'Soporte', 'Espiral'),
(77, 'Fundas', 'Woven '),
(78, 'Fundas', '3 en 1'),
(79, 'Fundas', 'Tpu Printed'),
(80, 'Vidrios', '6D');

-- --------------------------------------------------------

--
-- Table structure for table `empleado`
--

CREATE TABLE `empleado` (
  `idempleado` int(11) NOT NULL,
  `tipo_empleado` varchar(45) NOT NULL,
  `username` varchar(45) NOT NULL,
  `password` varchar(45) NOT NULL,
  `nombres` varchar(45) NOT NULL,
  `apellidos` varchar(45) NOT NULL,
  `telefono` varchar(45) DEFAULT NULL,
  `carnet` varchar(45) DEFAULT NULL,
  `sucursalid` int(11) NOT NULL,
  `fecha_registro` datetime NOT NULL DEFAULT CURRENT_TIMESTAMP,
  `estado` int(11) NOT NULL DEFAULT '1'
) ENGINE=InnoDB DEFAULT CHARSET=utf8;

--
-- Dumping data for table `empleado`
--

INSERT INTO `empleado` (`idempleado`, `tipo_empleado`, `username`, `password`, `nombres`, `apellidos`, `telefono`, `carnet`, `sucursalid`, `fecha_registro`, `estado`) VALUES
(3, 'Super Admin', 'Bryan', '123456', 'Dennis Bryan', 'Argandoña Cartagena', '76953543', '9453153', 1, '2018-07-04 20:29:14', 1),
(4, 'Admin', 'Aida', '1925aida', 'Aida Luz', 'Argandoña Molina', '59174313430', NULL, 1, '2018-07-04 20:51:45', 1),
(5, 'Empleado', 'test', 'test', 'dennis', 'argandona', NULL, '6541513', 3, '2018-09-04 21:23:04', 1);

-- --------------------------------------------------------

--
-- Table structure for table `listapagos`
--

CREATE TABLE `listapagos` (
  `idListapagos` int(11) NOT NULL,
  `Fecha` datetime NOT NULL,
  `Pago` decimal(15,2) NOT NULL,
  `Transaccion_idTransaccion` int(11) NOT NULL
) ENGINE=InnoDB DEFAULT CHARSET=utf8mb4;

-- --------------------------------------------------------

--
-- Table structure for table `marca`
--

CREATE TABLE `marca` (
  `idmarca` int(11) NOT NULL,
  `nombre_marca` varchar(45) NOT NULL
) ENGINE=InnoDB DEFAULT CHARSET=utf8;

--
-- Dumping data for table `marca`
--

INSERT INTO `marca` (`idmarca`, `nombre_marca`) VALUES
(8, 'Apple'),
(16, 'Casim'),
(17, 'GENERICA'),
(26, 'Goma'),
(25, 'Gummy'),
(18, 'HTC'),
(15, 'Huawei'),
(19, 'LG'),
(22, 'Motomo'),
(20, 'Motorola'),
(9, 'Samsung'),
(12, 'Sony'),
(24, 'Verus'),
(14, 'Xiaomi');

-- --------------------------------------------------------

--
-- Table structure for table `producto`
--

CREATE TABLE `producto` (
  `idproducto` int(11) NOT NULL,
  `marca` varchar(45) NOT NULL,
  `modelo` varchar(45) NOT NULL,
  `costodecompra` decimal(15,2) DEFAULT NULL,
  `preciomayor` decimal(15,2) DEFAULT NULL,
  `preciodetalle` decimal(15,2) DEFAULT NULL,
  `descripcion` text,
  `proveedor` varchar(100) NOT NULL,
  `sucursal` varchar(100) NOT NULL,
  `categoriaid` int(11) NOT NULL
) ENGINE=InnoDB DEFAULT CHARSET=utf8;

--
-- Dumping data for table `producto`
--

INSERT INTO `producto` (`idproducto`, `marca`, `modelo`, `costodecompra`, `preciomayor`, `preciodetalle`, `descripcion`, `proveedor`, `sucursal`, `categoriaid`) VALUES
(1, 'Samsung', 'S2', '1.50', '2.30', '3.00', '', 'JACKY', 'TIENDA 25 DE MAYO', 2),
(2, 'Samsung', 'S3', '1.50', '2.30', '3.00', '', 'STARRY', 'TIENDA 25 DE MAYO', 2),
(3, 'Samsung', 'S3 MINI', '1.50', '2.30', '3.00', '', 'STARRY', 'TIENDA 25 DE MAYO', 2),
(4, 'Samsung', 'S4', '1.50', '2.30', '3.00', '', 'STARRY', 'TIENDA 25 DE MAYO', 2),
(5, 'Samsung', 'S4 MINI', '1.50', '2.30', '3.00', '', 'STARRY', 'TIENDA 25 DE MAYO', 2),
(6, 'Samsung', 'S5', '1.50', '2.30', '3.00', '', 'STARRY', 'TIENDA 25 DE MAYO', 2),
(7, 'Samsung', 'S5 MINI', '1.50', '2.30', '3.00', '', 'STARRY', 'TIENDA 25 DE MAYO', 2),
(8, 'Samsung', 'S6', '1.50', '2.30', '3.00', '', 'STARRY', 'TIENDA 25 DE MAYO', 2),
(9, 'Samsung', 'S7', '1.50', '2.30', '3.00', '', 'STARRY', 'TIENDA 25 DE MAYO', 2),
(10, 'Samsung', 'J1 MINI PRIME', '1.50', '2.30', '3.00', '', 'STARRY', 'TIENDA 25 DE MAYO', 2),
(11, 'Samsung', 'J1 ACE', '1.50', '2.30', '3.00', '', 'STARRY', 'TIENDA 25 DE MAYO', 2),
(12, 'Samsung', 'J2', '1.50', '2.30', '3.00', '', 'STARRY', 'TIENDA 25 DE MAYO', 2),
(13, 'Samsung', 'J2 PRIME', '1.50', '2.30', '3.00', '', 'STARRY', 'TIENDA 25 DE MAYO', 2),
(14, 'Samsung', 'J3-2015', '1.50', '2.30', '3.00', '', 'STARRY', 'TIENDA 25 DE MAYO', 2),
(15, 'Samsung', 'J3-2017', '1.50', '2.30', '3.00', '', 'STARRY', 'TIENDA 25 DE MAYO', 2),
(16, 'Samsung', 'J4-2018', '1.50', '2.30', '3.00', '', 'STARRY', 'TIENDA 25 DE MAYO', 2),
(17, 'Samsung', 'J5-2015', '1.50', '2.30', '3.00', '', 'STARRY', 'TIENDA 25 DE MAYO', 2),
(18, 'Samsung', 'J5-2016', '1.50', '2.30', '3.00', '', 'STARRY', 'TIENDA 25 DE MAYO', 2),
(19, 'Samsung', 'J5 PRIME', '1.50', '2.30', '3.00', '', 'STARRY', 'TIENDA 25 DE MAYO', 2),
(20, 'Samsung', 'J5-PRO', '1.50', '2.30', '3.00', '', 'STARRY', 'TIENDA 25 DE MAYO', 2),
(21, 'Samsung', 'J7 2015', '1.50', '2.30', '3.00', '', 'STARRY', 'TIENDA 25 DE MAYO', 2),
(22, 'Samsung', 'J7 2016', '1.50', '2.30', '3.00', '', 'STARRY', 'TIENDA 25 DE MAYO', 2),
(23, 'Samsung', 'J7 PRIME', '1.50', '2.30', '3.00', '', 'STARRY', 'TIENDA 25 DE MAYO', 2),
(24, 'Samsung', 'J7 PRO', '1.50', '2.30', '3.00', '', 'STARRY', 'TIENDA 25 DE MAYO', 2),
(25, 'Samsung', 'J7 NEO', '1.50', '2.30', '3.00', '', 'STARRY', 'TIENDA 25 DE MAYO', 2),
(26, 'Samsung', 'A3 2017', '1.50', '2.30', '3.00', '', 'STARRY', 'TIENDA 25 DE MAYO', 2),
(27, 'Samsung', 'A 310', '1.50', '2.30', '3.00', '', 'STARRY', 'TIENDA 25 DE MAYO', 2),
(28, 'Samsung', 'A3 2017 BLACK', '1.50', '2.30', '3.00', '', 'STARRY', 'TIENDA 25 DE MAYO', 2),
(29, 'Samsung', 'A3 2017 GOLD', '1.50', '2.30', '3.00', '', 'STARRY', 'TIENDA 25 DE MAYO', 2),
(31, 'Samsung', 'A5 2017', '1.50', '2.30', '3.00', '', 'STARRY', 'TIENDA 25 DE MAYO', 2),
(32, 'Samsung', 'A5 2017 GOLD', '1.50', '2.30', '3.00', '', 'STARRY', 'TIENDA 25 DE MAYO', 2),
(33, 'Samsung', 'A5 2017 BLACK', '1.50', '2.30', '3.00', '', 'STARRY', 'TIENDA 25 DE MAYO', 2),
(34, 'Samsung', 'A7 2017', '1.50', '2.30', '3.00', '', 'STARRY', 'TIENDA 25 DE MAYO', 2),
(35, 'Samsung', 'A7 2017 BLACK ', '1.50', '2.30', '3.00', '', 'STARRY', 'TIENDA 25 DE MAYO', 2),
(36, 'Samsung', 'A7 2017 GOLD', '1.50', '2.30', '3.00', '', 'STARRY', 'TIENDA 25 DE MAYO', 2),
(37, 'Samsung', 'A8', '1.50', '2.30', '3.00', '', 'STARRY', 'TIENDA 25 DE MAYO', 2),
(38, 'Samsung', 'A9', '1.50', '2.30', '3.00', '', 'STARRY', 'TIENDA 25 DE MAYO', 2),
(39, 'Samsung', 'A915', '1.50', '2.30', '3.00', '', 'STARRY', 'TIENDA 25 DE MAYO', 2),
(40, 'Samsung', 'NOTE 2', '1.50', '2.30', '3.00', '', 'STARRY', 'TIENDA 25 DE MAYO', 2),
(41, 'Samsung', 'NOTE 3', '1.50', '2.30', '3.00', '', 'STARRY', 'TIENDA 25 DE MAYO', 2),
(42, 'Samsung', 'NOTE 4', '1.50', '2.30', '3.00', '', 'STARRY', 'TIENDA 25 DE MAYO', 2),
(43, 'Samsung', 'NOTE 5', '1.50', '2.30', '3.00', '', 'STARRY', 'TIENDA 25 DE MAYO', 2),
(44, 'Samsung', 'NOTE 4 EDGE', '1.50', '2.30', '3.00', '', 'STARRY', 'TIENDA 25 DE MAYO', 2),
(45, 'Samsung', 'CORE 2', '1.50', '2.30', '3.00', '', 'STARRY', 'TIENDA 25 DE MAYO', 2),
(46, 'Samsung', 'CORE 8260', '1.50', '2.30', '3.00', '', 'STARRY', 'TIENDA 25 DE MAYO', 2),
(47, 'Samsung', 'GRAND DUOS', '1.50', '2.30', '3.00', '', 'STARRY', 'TIENDA 25 DE MAYO', 2),
(48, 'Samsung', 'POCKET 2', '1.50', '2.30', '3.00', '', 'STARRY', 'TIENDA 25 DE MAYO', 2),
(50, 'Samsung', 'ACE', '1.50', '2.30', '3.00', '', 'STARRY', 'TIENDA 25 DE MAYO', 2),
(51, 'Samsung', 'ACE 4', '1.50', '2.30', '3.00', '', 'STARRY', 'TIENDA 25 DE MAYO', 2),
(52, 'Samsung', 'ON 5', '1.50', '2.30', '3.00', '', 'STARRY', 'TIENDA 25 DE MAYO', 2),
(53, 'Huawei', 'GR3 BLACK', '1.50', '2.30', '3.00', '', 'STARRY', 'TIENDA 25 DE MAYO', 2),
(54, 'Huawei', 'GR3 GOLD', '1.50', '2.30', '3.00', '', 'STARRY', 'TIENDA 25 DE MAYO', 2),
(56, 'Huawei', 'GR5 2017 BLACK', '1.50', '2.30', '3.00', '', 'STARRY', 'TIENDA 25 DE MAYO', 2),
(57, 'Huawei', 'GR5 2017 GOLD', '1.50', '2.30', '3.00', '', 'STARRY', 'TIENDA 25 DE MAYO', 2),
(59, 'Huawei', 'Y3 ', '1.50', '2.30', '3.00', '', 'STARRY', 'TIENDA 25 DE MAYO', 2),
(60, 'Huawei', 'Y3 II', '1.50', '2.30', '3.00', '', 'STARRY', 'TIENDA 25 DE MAYO', 2),
(61, 'Huawei', 'Y3 2017', '1.50', '2.30', '3.00', '', 'STARRY', 'TIENDA 25 DE MAYO', 2),
(62, 'Huawei', 'Y3 II 2017', '1.50', '2.30', '3.00', '', 'STARRY', 'TIENDA 25 DE MAYO', 2),
(63, 'Huawei', 'Y360', '1.50', '2.30', '3.00', '', 'STARRY', 'TIENDA 25 DE MAYO', 2),
(64, 'Huawei', 'Y530', '1.50', '2.30', '3.00', '', 'STARRY', 'TIENDA 25 DE MAYO', 2),
(65, 'Huawei', 'Y5', '1.50', '2.30', '3.00', '', 'STARRY', 'TIENDA 25 DE MAYO', 2),
(66, 'Huawei', 'Y5 II', '1.50', '2.30', '3.00', '', 'STARRY', 'TIENDA 25 DE MAYO', 2),
(67, 'Huawei', 'Y5 II 2017', '1.50', '2.30', '3.00', '', 'STARRY', 'TIENDA 25 DE MAYO', 2),
(68, 'Huawei', 'Y6 II ', '1.50', '2.30', '3.00', '', 'STARRY', 'TIENDA 25 DE MAYO', 2),
(69, 'Huawei', 'Y6 II 2017', '1.50', '2.30', '3.00', '', 'STARRY', 'TIENDA 25 DE MAYO', 2),
(70, 'Huawei', 'Y7 PRIME ', '1.50', '2.30', '3.00', '', 'STARRY', 'TIENDA 25 DE MAYO', 2),
(71, 'Huawei', 'Y6 2017', '1.50', '2.30', '3.00', '', 'STARRY', 'TIENDA 25 DE MAYO', 2),
(72, 'Huawei', 'MATE 7', '1.50', '2.30', '3.00', '', 'STARRY', 'TIENDA 25 DE MAYO', 2),
(73, 'Huawei', 'MATE 8', '1.50', '2.30', '3.00', '', 'STARRY', 'TIENDA 25 DE MAYO', 2),
(75, 'Huawei', 'MATE 9 LITE', '1.50', '2.30', '3.00', '', 'STARRY', 'TIENDA 25 DE MAYO', 2),
(76, 'Huawei', 'MATE 10', '1.50', '2.30', '3.00', '', 'STARRY', 'TIENDA 25 DE MAYO', 2),
(77, 'Huawei', 'MATE S', '1.50', '2.30', '3.00', '', 'STARRY', 'TIENDA 25 DE MAYO', 2),
(78, 'Huawei', 'P8 LITE', '1.50', '2.30', '3.00', '', 'STARRY', 'TIENDA 25 DE MAYO', 2),
(79, 'Huawei', 'P8 LITE  2017', '1.50', '2.30', '3.00', '', 'STARRY', 'TIENDA 25 DE MAYO', 2),
(80, 'Huawei', 'P9 ', '1.50', '2.30', '3.00', '', 'STARRY', 'TIENDA 25 DE MAYO', 2),
(81, 'Huawei', 'P9 LITE', '1.50', '2.30', '3.00', '', 'STARRY', 'TIENDA 25 DE MAYO', 2),
(82, 'Huawei', 'P9 PLUS', '1.50', '2.30', '3.00', '', 'STARRY', 'TIENDA 25 DE MAYO', 2),
(84, 'Huawei', 'P9 LITE SMART', '1.50', '2.30', '3.00', '', 'STARRY', 'TIENDA 25 DE MAYO', 2),
(85, 'Huawei', 'P9 LITE MINI', '1.50', '2.30', '3.00', '', 'STARRY', 'TIENDA 25 DE MAYO', 2),
(86, 'Huawei', 'P10', '1.50', '2.30', '3.00', '', 'STARRY', 'TIENDA 25 DE MAYO', 2),
(87, 'Huawei', 'P10 PLUS', '1.50', '2.30', '3.00', '', 'STARRY', 'TIENDA 25 DE MAYO', 2),
(88, 'Huawei', 'P10 PLUS GOLD', '1.50', '2.30', '3.00', '', 'STARRY', 'TIENDA 25 DE MAYO', 2),
(89, 'Huawei', 'P10 PLUS BLACK', '1.50', '2.30', '3.00', '', 'STARRY', 'TIENDA 25 DE MAYO', 2),
(90, 'Huawei', 'P10 BLACK', '1.50', '2.30', '3.00', '', 'STARRY', 'TIENDA 25 DE MAYO', 2),
(91, 'Huawei', 'P10 GOLD', '1.50', '2.30', '3.00', '', 'STARRY', 'TIENDA 25 DE MAYO', 2),
(92, 'Huawei', 'NOVA PLUS', '1.50', '2.30', '3.00', '', 'STARRY', 'TIENDA 25 DE MAYO', 2),
(93, 'Huawei', 'G PLAY ', '1.50', '2.30', '3.00', '', 'STARRY', 'TIENDA 25 DE MAYO', 2),
(94, 'Huawei', 'G PLAY MINI', '1.50', '2.30', '3.00', '', 'STARRY', 'TIENDA 25 DE MAYO', 2),
(95, 'Sony', 'XA ULTRA', '1.50', '2.30', '3.00', '', 'STARRY', 'TIENDA 25 DE MAYO', 2),
(96, 'Sony', 'SONY X', '1.50', '2.30', '3.00', '', 'STARRY', 'TIENDA 25 DE MAYO', 2),
(97, 'Sony', 'SONY Z', '1.50', '2.30', '3.00', '', 'STARRY', 'TIENDA 25 DE MAYO', 2),
(98, 'Sony', 'SONY C5', '1.50', '2.30', '3.00', '', 'STARRY', 'TIENDA 25 DE MAYO', 2),
(99, 'Sony', 'SONY C3', '1.50', '2.30', '3.00', '', 'STARRY', 'TIENDA 25 DE MAYO', 2),
(100, 'Sony', 'Z1 BACK', '1.50', '2.30', '3.00', '', 'STARRY', 'TIENDA 25 DE MAYO', 2),
(101, 'Sony', 'Z1 MINI', '1.50', '2.30', '3.00', '', 'STARRY', 'TIENDA 25 DE MAYO', 2),
(102, 'Sony', 'Z2', '1.50', '2.30', '3.00', '', 'STARRY', 'TIENDA 25 DE MAYO', 2),
(103, 'Sony', 'Z2 BACK', '1.50', '2.30', '3.00', '', 'STARRY', 'TIENDA 25 DE MAYO', 2),
(104, 'Sony', 'Z5 PREMIUM PLUS', '1.50', '2.30', '3.00', '', 'STARRY', 'TIENDA 25 DE MAYO', 2),
(105, 'Sony', 'Z3 MINI', '1.50', '2.30', '3.00', '', 'STARRY', 'TIENDA 25 DE MAYO', 2),
(108, 'Sony', 'Z4', '1.50', '2.30', '3.00', '', 'STARRY', 'TIENDA 25 DE MAYO', 2),
(109, 'Sony', 'Z4 BLACK', '1.50', '2.30', '3.00', '', 'STARRY', 'TIENDA 25 DE MAYO', 2),
(111, 'Sony', 'Z5 ', '1.50', '2.30', '3.00', '', 'STARRY', 'TIENDA 25 DE MAYO', 2),
(114, 'Sony', 'Z5 BACK', '1.50', '2.30', '3.00', '', 'STARRY', 'TIENDA 25 DE MAYO', 2),
(115, 'Sony', 'Z5 PLUS', '1.50', '2.30', '3.00', '', 'STARRY', 'TIENDA 25 DE MAYO', 2),
(117, 'Sony', 'Z5 PREMIUM', '1.50', '2.30', '3.00', '', 'STARRY', 'TIENDA 25 DE MAYO', 2),
(118, 'Sony', 'Z5 ULTRA', '1.50', '2.30', '3.00', '', 'STARRY', 'TIENDA 25 DE MAYO', 2),
(119, 'Sony', 'Z4 MINI', '1.50', '2.30', '3.00', '', 'STARRY', 'TIENDA 25 DE MAYO', 2),
(121, 'Sony', 'M4 AQUA', '1.50', '2.30', '3.00', '', 'STARRY', 'TIENDA 25 DE MAYO', 2),
(122, 'Sony', 'XA', '1.50', '2.30', '3.00', '', 'STARRY', 'TIENDA 25 DE MAYO', 2),
(123, 'Sony', 'XZP', '1.50', '2.30', '3.00', '', 'STARRY', 'TIENDA 25 DE MAYO', 2),
(124, 'HTC', 'M4', '1.50', '2.30', '3.00', '', 'STARRY', 'TIENDA 25 DE MAYO', 2),
(125, 'HTC', 'M5', '1.50', '2.30', '3.00', '', 'STARRY', 'TIENDA 25 DE MAYO', 2),
(126, 'HTC', 'M7', '1.50', '2.30', '3.00', '', 'STARRY', 'TIENDA 25 DE MAYO', 2),
(129, 'HTC', 'M8', '1.50', '2.30', '3.00', '', 'STARRY', 'TIENDA 25 DE MAYO', 2),
(130, 'HTC', 'M9', '1.50', '2.30', '3.00', '', 'STARRY', 'TIENDA 25 DE MAYO', 2),
(131, 'HTC', 'M9 PLUS', '1.50', '2.30', '3.00', '', 'STARRY', 'TIENDA 25 DE MAYO', 2),
(132, 'HTC', 'M10', '1.50', '2.30', '3.00', '', 'STARRY', 'TIENDA 25 DE MAYO', 2),
(133, 'HTC', 'HTC626', '1.50', '2.30', '3.00', '', 'STARRY', 'TIENDA 25 DE MAYO', 2),
(135, 'Samsung', 'J6 2018', '1.50', '2.30', '3.00', '', 'STARRY', 'TIENDA 25 DE MAYO', 2),
(136, 'Samsung', 'J8 2018', '1.50', '2.30', '3.00', '', 'STARRY', 'TIENDA 25 DE MAYO', 2),
(137, 'Huawei', 'P20', '1.50', '2.30', '3.00', '', 'STARRY', 'TIENDA 25 DE MAYO', 2),
(138, 'Huawei', 'P20 LITE', '1.50', '2.30', '3.00', '', 'STARRY', 'TIENDA 25 DE MAYO', 2),
(139, 'Huawei', 'P20 PRO', '1.50', '2.30', '3.00', '', 'STARRY', 'TIENDA 25 DE MAYO', 2),
(140, 'Huawei', 'Mate 10', '1.50', '2.30', '3.00', '', 'STARRY', 'TIENDA 25 DE MAYO', 2),
(141, 'Huawei', 'MATE 10 LITE', '1.50', '2.30', '3.00', '', 'STARRY', 'TIENDA 25 DE MAYO', 2),
(142, 'Huawei', 'MATE 10 PRO', '1.50', '2.30', '3.00', '', 'STARRY', 'TIENDA 25 DE MAYO', 2),
(143, 'LG', 'K3 2017', '1.50', '2.30', '3.00', '', 'STARRY', 'TIENDA 25 DE MAYO', 2),
(146, 'LG', 'K4 2017', '1.50', '2.30', '3.00', '', 'STARRY', 'TIENDA 25 DE MAYO', 2),
(148, 'LG', 'K5', '1.50', '2.30', '3.00', '', 'STARRY', 'TIENDA 25 DE MAYO', 2),
(149, 'LG', 'K7', '1.50', '2.30', '3.00', '', 'STARRY', 'TIENDA 25 DE MAYO', 2),
(151, 'LG', 'K8', '1.50', '2.30', '3.00', '', 'STARRY', 'TIENDA 25 DE MAYO', 2),
(152, 'LG', 'K8 2017', '1.50', '2.30', '3.00', '', 'STARRY', 'TIENDA 25 DE MAYO', 2),
(153, 'LG', 'K10 2017', '1.50', '2.30', '3.00', '', 'STARRY', 'TIENDA 25 DE MAYO', 2),
(154, 'LG', 'K10', '1.50', '2.30', '3.00', '', 'STARRY', 'TIENDA 25 DE MAYO', 2),
(155, 'LG', 'G2', '1.50', '2.30', '3.00', '', 'STARRY', 'TIENDA 25 DE MAYO', 2),
(156, 'LG', 'G2 MINI', '1.50', '2.30', '3.00', '', 'STARRY', 'TIENDA 25 DE MAYO', 2),
(158, 'LG', 'G3 STYLUS', '1.50', '2.30', '3.00', '', 'STARRY', 'TIENDA 25 DE MAYO', 2),
(160, 'LG', 'G4', '1.50', '2.30', '3.00', '', 'STARRY', 'TIENDA 25 DE MAYO', 2),
(161, 'LG', 'G4 STYLUS', '1.50', '2.30', '3.00', '', 'STARRY', 'TIENDA 25 DE MAYO', 2),
(162, 'LG', 'G5', '1.50', '2.30', '3.00', '', 'STARRY', 'TIENDA 25 DE MAYO', 2),
(164, 'LG', 'G6', '1.50', '2.30', '3.00', '', 'STARRY', 'TIENDA 25 DE MAYO', 2),
(167, 'LG', 'G4 PLUS', '1.50', '2.30', '3.00', '', 'STARRY', 'TIENDA 25 DE MAYO', 2),
(168, 'LG', 'SPIRIT', '1.50', '2.30', '3.00', '', 'STARRY', 'TIENDA 25 DE MAYO', 2),
(170, 'LG', 'LEON', '1.50', '2.30', '3.00', '', 'STARRY', 'TIENDA 25 DE MAYO', 2),
(172, 'LG', 'MAGNA', '1.50', '2.30', '3.00', '', 'STARRY', 'TIENDA 25 DE MAYO', 2),
(174, 'Apple', 'IP X', '1.50', '2.30', '3.00', '', 'STARRY', 'TIENDA 25 DE MAYO', 2),
(176, 'Apple', 'IP5', '1.50', '2.30', '3.00', '', 'STARRY', 'TIENDA 25 DE MAYO', 2),
(178, 'Apple', 'IP6', '1.50', '2.30', '3.00', '', 'STARRY', 'TIENDA 25 DE MAYO', 2),
(180, 'Apple', 'IP6 PLUS', '1.50', '2.30', '3.00', '', 'STARRY', 'TIENDA 25 DE MAYO', 2),
(182, 'Apple', 'IP6 BACK', '1.50', '2.30', '3.00', '', 'STARRY', 'TIENDA 25 DE MAYO', 2),
(184, 'Apple', 'IP7', '1.50', '2.30', '3.00', '', 'STARRY', 'TIENDA 25 DE MAYO', 2),
(185, 'Apple', 'IP7 PLUS', '1.50', '2.30', '3.00', '', 'STARRY', 'TIENDA 25 DE MAYO', 2),
(186, 'Motorola', 'MOTO X4', '1.50', '2.30', '3.00', '', 'STARRY', 'TIENDA 25 DE MAYO', 2),
(187, 'Motorola', 'MOTO E4', '1.50', '2.30', '3.00', '', 'STARRY', 'TIENDA 25 DE MAYO', 2),
(190, 'Motorola', 'MOTO C ', '1.50', '2.30', '3.00', '', 'STARRY', 'TIENDA 25 DE MAYO', 2),
(192, 'Motorola', 'MOTO G5', '1.50', '2.30', '3.00', '', 'STARRY', 'TIENDA 25 DE MAYO', 2),
(194, 'Motorola', 'MOTO G5S PLUS', '1.50', '2.30', '3.00', '', 'STARRY', 'TIENDA 25 DE MAYO', 2),
(195, 'Motorola', 'MOTO X', '1.50', '2.30', '3.00', '', 'STARRY', 'TIENDA 25 DE MAYO', 2),
(196, 'Motorola', 'G510', '1.50', '2.30', '3.00', '', 'STARRY', 'TIENDA 25 DE MAYO', 2),
(200, 'Samsung', 'SAM M MahahSUNG S3 MINI - EB425161LU', '0.00', '0.00', '0.00', '', 'JACKY', 'TIENDA 25 DE MAYO', 33),
(201, 'Samsung', 'SAMSUNG S3 - EB-L1G6LLA', '0.00', '0.00', '0.00', '', 'JACKY', 'TIENDA 25 DE MAYO', 34),
(202, 'Samsung', 'SAMSUNG S4 MINI - B500AE', '0.00', '0.00', '0.00', '', 'JACKY', 'TIENDA 25 DE MAYO', 35),
(203, 'Samsung', 'SAMSUNG S4 - B600BE', '0.00', '0.00', '0.00', '', 'JACKY', 'TIENDA 25 DE MAYO', 36),
(205, 'Samsung', 'SAMSUNG S5 - EB-BG800CBE', '0.00', '0.00', '0.00', '', 'JACKY', 'TIENDA 25 DE MAYO', 37),
(206, 'Samsung', 'SAMSUNG S2 - EB-F1A2GBU', '0.00', '0.00', '0.00', '', 'JACKY', 'TIENDA 25 DE MAYO', 38),
(207, 'Samsung', 'SAMSUNG NOTE 3  - B800BE', '0.00', '0.00', '0.00', '', 'JACKY', 'TIENDA 25 DE MAYO', 2),
(208, 'Samsung', 'SAMSUNG NOTE 4 - EB-BN910BBE', '0.00', '0.00', '0.00', '', 'JACKY', 'TIENDA 25 DE MAYO', 37),
(209, 'Samsung', 'SAMSUNG CORE II - G355 - EB585157LU', '0.00', '0.00', '0.00', '', 'JACKY', 'TIENDA 25 DE MAYO', 40),
(210, 'Samsung', 'SAMSUNG CORE PRIME - EB-BG360BBE', '0.00', '0.00', '0.00', '', 'JACKY', 'TIENDA 25 DE MAYO', 40),
(212, 'Samsung', 'SAMSUNG GRAND PRIME / J2 PRIME - EB-BG530BBC', '0.00', '0.00', '0.00', '', 'JACKY', 'TIENDA 25 DE MAYO', 40),
(213, 'Samsung', 'SAMSUNG J1 - EB-BJ100CBE', '0.00', '0.00', '0.00', '', 'JACKY', 'TIENDA 25 DE MAYO', 41),
(214, 'Samsung', 'SAMSUNG J1 ACE - EB-BJ110ABE', '0.00', '0.00', '0.00', '', 'JACKY', 'TIENDA 25 DE MAYO', 42),
(217, 'Samsung', 'SAMSUNG ACE S5830 - EB494358VU', '0.00', '0.00', '0.00', '', 'JACKY', 'TIENDA 25 DE MAYO', 43),
(218, 'Samsung', 'SAMSUNG J7-2015 - EB-BJ700BBC', '0.00', '0.00', '0.00', '', 'JACKY', 'TIENDA 25 DE MAYO', 48),
(219, 'Samsung', 'SAMSUNG J5 - 2015 - EB-BG530BBC', '0.00', '0.00', '0.00', '', 'JACKY', 'TIENDA 25 DE MAYO', 36),
(220, 'Samsung', 'SAMSUNG J7 (2016) - EB - BJ710CBE', '0.00', '0.00', '0.00', '', 'JACKY', 'TIENDA 25 DE MAYO', 44),
(222, 'Samsung', 'SAMSUNG J5 (2016) - EB-BJ510CBE', '0.00', '0.00', '0.00', '', 'JACKY', 'TIENDA 25 DE MAYO', 45),
(223, 'Samsung', 'SAMSUNG J7 PRIME', '0.00', '0.00', '0.00', '', 'JACKY', 'TIENDA 25 DE MAYO', 44),
(224, 'Samsung', 'SAMSUNG J5 PRIME', '0.00', '0.00', '0.00', '', 'STARRY', 'TIENDA 25 DE MAYO', 46),
(225, 'Samsung', 'SAMSUNG S8 PLUS', '0.00', '0.00', '0.00', '', 'JACKY', 'TIENDA 25 DE MAYO', 47),
(226, 'Samsung', 'SAMSUNG S8', '0.00', '0.00', '0.00', '', 'JACKY', 'TIENDA 25 DE MAYO', 48),
(227, 'Samsung', 'SAMSUNG ACE 4 - EB-BG313BBE', '0.00', '0.00', '0.00', '', 'JACKY', 'TIENDA 25 DE MAYO', 33),
(229, 'Samsung', 'SAMSUNG S6 EDGE', '0.00', '0.00', '0.00', '', 'JACKY', 'TIENDA 25 DE MAYO', 36),
(230, 'Samsung', 'SAMSUNG S7 EDGE', '0.00', '0.00', '0.00', '', 'JACKY', 'TIENDA 25 DE MAYO', 50),
(231, 'Samsung', 'SAMSUNG GRAND NEO - EB535163LU', '0.00', '0.00', '0.00', '', 'JACKY', 'TIENDA 25 DE MAYO', 34),
(232, 'Samsung', 'SAMSUNG POCKET - EB 454353VA', '0.00', '0.00', '0.00', '', 'JACKY', 'TIENDA 25 DE MAYO', 51),
(233, 'Samsung', 'REAL FAST', '0.00', '0.00', '0.00', '', 'JACKY', 'TIENDA 25 DE MAYO', 52),
(234, 'Samsung', 'D5 REAL FAST', '0.00', '0.00', '0.00', '', 'JACKY', 'TIENDA 25 DE MAYO', 52),
(235, 'Samsung', 'COPY FAST CHARGER', '0.00', '0.00', '0.00', '', 'JACKY', 'TIENDA 25 DE MAYO', 52),
(236, 'Huawei', 'P9 ', '0.00', '0.00', '0.00', '', 'JACKY', 'TIENDA 25 DE MAYO', 56),
(237, 'Xiaomi', 'Xiaomi', '0.00', '0.00', '0.00', '', 'JACKY', 'TIENDA 25 DE MAYO', 60),
(238, 'Samsung', 'CHEAP SAMSUNG CHARGER WITH PACKING AND USB', '0.00', '0.00', '0.00', '', 'JACKY', 'TIENDA 25 DE MAYO', 17),
(239, 'Samsung', 'V8 -AAA', '0.00', '0.00', '0.00', '', 'JACKY', 'TIENDA 25 DE MAYO', 61),
(240, 'GENERICA', 'Tipo C - V8 - iphone ', '0.00', '0.00', '0.00', '', 'JACKY', 'TIENDA 25 DE MAYO', 62),
(241, 'Samsung', 'Samsung -caja logo especial', '0.00', '0.00', '0.00', '', 'JACKY', 'TIENDA 25 DE MAYO', 52),
(242, 'Huawei', 'Huawei 2A', '0.00', '0.00', '0.00', '', 'JACKY', 'TIENDA 25 DE MAYO', 64),
(243, 'Samsung', 'J2 PRIME GOLD', '1.50', '2.30', '3.00', '', 'JACKY', 'TIENDA 25 DE MAYO', 2),
(244, 'Samsung', 'J2 PRIME BLACK', '1.50', '2.30', '3.00', '', 'JACKY', 'TIENDA 25 DE MAYO', 2),
(246, 'Sony', 'T2 Ultra', '1.50', '2.30', '3.00', '', 'JACKY', 'TIENDA 25 DE MAYO', 2),
(247, 'LG', 'Bello', '1.50', '2.30', '3.00', '', 'JACKY', 'TIENDA 25 DE MAYO', 2),
(248, 'Motorola', 'Moto  E4 Plus', '1.50', '2.30', '3.00', '', 'STARRY', 'TIENDA 25 DE MAYO', 2),
(249, 'Motorola', 'G5 PLUS', '1.50', '2.30', '3.00', '', 'STARRY', 'TIENDA 25 DE MAYO', 2),
(250, 'Sony', 'Z MINI', '1.50', '2.30', '3.00', '', 'JACKY', 'TIENDA 25 DE MAYO', 2),
(251, 'Sony', 'K4', '1.50', '2.30', '3.00', '', 'JACKY', 'TIENDA 25 DE MAYO', 2),
(252, 'GENERICA', 'J1', '8.00', '15.00', '20.00', '', 'STARRY', 'TIENDA 25 DE MAYO', 66),
(253, 'GENERICA', 'J2 PRIME', '8.00', '15.00', '20.00', '', 'STARRY', 'TIENDA 25 DE MAYO', 66),
(254, 'GENERICA', 'S3', '8.00', '15.00', '20.00', '', 'STARRY', 'TIENDA 25 DE MAYO', 2),
(256, 'GENERICA', 'S3 MINI', '8.00', '15.00', '20.00', '', 'STARRY', 'TIENDA 25 DE MAYO', 66),
(258, 'GENERICA', 'S4', '8.00', '15.00', '20.00', '', 'STARRY', 'TIENDA 25 DE MAYO', 66),
(259, 'GENERICA', 'S4 MINI', '8.00', '15.00', '20.00', '', 'STARRY', 'TIENDA 25 DE MAYO', 66),
(260, 'GENERICA', 'S5', '8.00', '15.00', '20.00', '', 'STARRY', 'TIENDA 25 DE MAYO', 66),
(262, 'GENERICA', 'S5 MINI', '8.00', '15.00', '20.00', '', 'STARRY', 'TIENDA 25 DE MAYO', 66),
(264, 'GENERICA', 'C3', '8.00', '15.00', '20.00', '', 'STARRY', 'TIENDA 25 DE MAYO', 66),
(266, 'GENERICA', 'C5', '8.00', '15.00', '20.00', '', 'STARRY', 'TIENDA 25 DE MAYO', 66),
(267, 'GENERICA', 'C7', '8.00', '15.00', '20.00', '', 'STARRY', 'TIENDA 25 DE MAYO', 66),
(269, 'GENERICA', 'C9', '8.00', '15.00', '20.00', '', 'STARRY', 'TIENDA 25 DE MAYO', 66),
(271, 'GENERICA', 'G360', '8.00', '15.00', '20.00', '', 'STARRY', 'TIENDA 25 DE MAYO', 66),
(273, 'GENERICA', 'IP4', '8.00', '15.00', '20.00', '', 'STARRY', 'TIENDA 25 DE MAYO', 2),
(274, 'GENERICA', '8', '15.00', '20.00', '0.00', '', 'STARRY', 'TIENDA 25 DE MAYO', 66),
(276, 'GENERICA', 'NOTE 4', '8.00', '15.00', '20.00', '', 'STARRY', 'TIENDA 25 DE MAYO', 66),
(277, 'GENERICA', 'NOTE 3', '8.00', '15.00', '20.00', '', 'STARRY', 'TIENDA 25 DE MAYO', 66),
(279, 'GENERICA', '3.5 - 4.0', '5.00', '7.00', '10.00', '', 'STARRY', 'TIENDA 25 DE MAYO', 67),
(280, 'GENERICA', '4.0 - 4.5 ', '5.00', '7.00', '10.00', '', 'STARRY', 'TIENDA 25 DE MAYO', 67),
(281, 'GENERICA', '4.5 - 5.0', '5.00', '7.00', '10.00', '', 'STARRY', 'TIENDA 25 DE MAYO', 67),
(282, 'GENERICA', '5.0 - 5.5', '5.00', '7.00', '10.00', '', 'STARRY', 'TIENDA 25 DE MAYO', 67),
(283, 'GENERICA', '5.5 - 6.0', '5.00', '7.00', '10.00', '', 'STARRY', 'TIENDA 25 DE MAYO', 67),
(285, 'Gummy', 'J1 ', '8.00', '15.00', '20.00', '', 'STARRY', 'TIENDA 25 DE MAYO', 68),
(286, 'Gummy', 'J1 MINI', '8.00', '15.00', '20.00', '', 'STARRY', 'TIENDA 25 DE MAYO', 68),
(287, 'Gummy', 'J2', '8.00', '15.00', '20.00', '', 'STARRY', 'TIENDA 25 DE MAYO', 68),
(288, 'Gummy', 'J5 PRIME', '8.00', '15.00', '20.00', '', 'STARRY', 'TIENDA 25 DE MAYO', 68),
(289, 'Gummy', 'J5 2016', '8.00', '15.00', '20.00', '', 'STARRY', 'TIENDA 25 DE MAYO', 68),
(291, 'Gummy', 'J7 2016', '8.00', '15.00', '20.00', '', 'STARRY', 'TIENDA 25 DE MAYO', 68),
(293, 'Gummy', 'Y360', '8.00', '15.00', '20.00', '', 'STARRY', 'TIENDA 25 DE MAYO', 68),
(294, 'Gummy', 'Y520', '8.00', '15.00', '20.00', '', 'STARRY', 'TIENDA 25 DE MAYO', 68),
(296, 'Gummy', 'GR5 ', '8.00', '15.00', '20.00', '', 'STARRY', 'TIENDA 25 DE MAYO', 68),
(297, 'Gummy', 'G360', '8.00', '15.00', '20.00', '', 'STARRY', 'TIENDA 25 DE MAYO', 68),
(298, 'Gummy', 'G2', '8.00', '15.00', '20.00', '', 'STARRY', 'TIENDA 25 DE MAYO', 68),
(300, 'Gummy', 'G3 ', '8.00', '15.00', '20.00', '', 'STARRY', 'TIENDA 25 DE MAYO', 68),
(302, 'Gummy', 'S4', '8.00', '15.00', '20.00', '', 'STARRY', 'TIENDA 25 DE MAYO', 68),
(303, 'Gummy', 'S5', '8.00', '15.00', '20.00', '', 'STARRY', 'TIENDA 25 DE MAYO', 68),
(304, 'Gummy', 'A3 2016', '8.00', '15.00', '20.00', '', 'STARRY', 'TIENDA 25 DE MAYO', 68),
(307, 'Gummy', 'K4', '8.00', '15.00', '20.00', '', 'STARRY', 'TIENDA 25 DE MAYO', 68),
(308, 'Gummy', 'A3 2017', '8.00', '15.00', '20.00', '', 'STARRY', 'TIENDA 25 DE MAYO', 68),
(309, 'Gummy', 'P8 ', '8.00', '15.00', '20.00', '', 'STARRY', 'TIENDA 25 DE MAYO', 68),
(310, 'Gummy', 'MATE 8 ', '8.00', '15.00', '20.00', '', 'STARRY', 'TIENDA 25 DE MAYO', 68),
(311, 'Verus', 'GR3 ', '5.00', '8.00', '10.00', '', 'STARRY', 'TIENDA 25 DE MAYO', 69),
(315, 'Verus', 'GR5 ', '5.00', '8.00', '10.00', '', 'STARRY', 'TIENDA 25 DE MAYO', 69),
(316, 'Verus', 'GR360', '5.00', '8.00', '10.00', '', 'STARRY', 'TIENDA 25 DE MAYO', 69),
(318, 'Verus', '360', '5.00', '8.00', '10.00', '', 'STARRY', 'TIENDA 25 DE MAYO', 69),
(319, 'Verus', 'M4 AQUA', '5.00', '8.00', '10.00', '', 'STARRY', 'TIENDA 25 DE MAYO', 69),
(320, 'Verus', 'MG2', '5.00', '8.00', '10.00', '', 'STARRY', 'TIENDA 25 DE MAYO', 69),
(321, 'Verus', 'MG3', '5.00', '8.00', '10.00', '', 'STARRY', 'TIENDA 25 DE MAYO', 69),
(322, 'Verus', 'S6', '5.00', '8.00', '10.00', '', 'STARRY', 'TIENDA 25 DE MAYO', 69),
(323, 'Verus', 'S6 EDGE', '5.00', '8.00', '10.00', '', 'STARRY', 'TIENDA 25 DE MAYO', 69),
(326, 'Verus', 'Y635', '5.00', '8.00', '10.00', '', 'STARRY', 'TIENDA 25 DE MAYO', 69),
(327, 'Verus', 'Z5 ', '5.00', '8.00', '10.00', '', 'STARRY', 'TIENDA 25 DE MAYO', 69),
(329, 'Verus', 'LG770', '5.00', '8.00', '10.00', '', 'STARRY', 'TIENDA 25 DE MAYO', 69),
(330, 'Verus', 'IP 5', '5.00', '8.00', '10.00', '', 'STARRY', 'TIENDA 25 DE MAYO', 69),
(331, 'Verus', 'P9 ', '5.00', '8.00', '10.00', '', 'STARRY', 'TIENDA 25 DE MAYO', 69),
(333, 'Verus', 'P9 LITE', '5.00', '8.00', '10.00', '', 'STARRY', 'TIENDA 25 DE MAYO', 69),
(335, 'Verus', 'J5 ', '5.00', '8.00', '10.00', '', 'STARRY', 'TIENDA 25 DE MAYO', 69),
(336, 'GENERICA', 'J1 MINI', '3.50', '6.00', '8.00', '', 'STARRY', 'TIENDA 25 DE MAYO', 26),
(337, 'GENERICA', 'J2', '3.50', '6.00', '8.00', '', 'STARRY', 'TIENDA 25 DE MAYO', 26),
(339, 'GENERICA', 'J3', '3.50', '6.00', '8.00', '', 'STARRY', 'TIENDA 25 DE MAYO', 26),
(340, 'GENERICA', 'J3 PRIME', '3.50', '6.00', '8.00', '', 'STARRY', 'TIENDA 25 DE MAYO', 26),
(342, 'GENERICA', 'J5 ', '3.50', '6.00', '8.00', '', 'STARRY', 'TIENDA 25 DE MAYO', 26),
(343, 'GENERICA', 'J5 PRIME', '3.50', '6.00', '8.00', '', 'STARRY', 'TIENDA 25 DE MAYO', 26),
(344, 'GENERICA', 'J7 ', '3.50', '6.00', '8.00', '', 'STARRY', 'TIENDA 25 DE MAYO', 26),
(345, 'GENERICA', 'J7 PRIME', '3.50', '6.00', '8.00', '', 'STARRY', 'TIENDA 25 DE MAYO', 26),
(346, 'GENERICA', 'J7 2016', '3.50', '6.00', '8.00', '', 'STARRY', 'TIENDA 25 DE MAYO', 26),
(347, 'GENERICA', 'S3', '3.50', '6.00', '8.00', '', 'STARRY', 'TIENDA 25 DE MAYO', 26),
(349, 'GENERICA', 'S4', '3.50', '6.00', '8.00', '', 'STARRY', 'TIENDA 25 DE MAYO', 26),
(350, 'GENERICA', 'S5', '3.50', '6.00', '8.00', '', 'STARRY', 'TIENDA 25 DE MAYO', 26),
(351, 'GENERICA', 'S6', '3.50', '6.00', '8.00', '', 'STARRY', 'TIENDA 25 DE MAYO', 26),
(352, 'GENERICA', 'S6 EDGE', '3.50', '6.00', '8.00', '', 'STARRY', 'TIENDA 25 DE MAYO', 26),
(354, 'GENERICA', 'S7', '3.50', '6.00', '8.00', '', 'STARRY', 'TIENDA 25 DE MAYO', 26),
(355, 'GENERICA', 'XA', '3.50', '6.00', '8.00', '', 'STARRY', 'TIENDA 25 DE MAYO', 26),
(356, 'GENERICA', 'XA ULTRA', '3.50', '6.00', '8.00', '', 'STARRY', 'TIENDA 25 DE MAYO', 26),
(357, 'GENERICA', 'Z4', '3.50', '6.00', '8.00', '', 'STARRY', 'TIENDA 25 DE MAYO', 26),
(358, 'GENERICA', 'IP5', '3.50', '6.00', '8.00', '', 'STARRY', 'TIENDA 25 DE MAYO', 26),
(359, 'GENERICA', 'IP6', '3.50', '6.00', '8.00', '', 'STARRY', 'TIENDA 25 DE MAYO', 26),
(361, 'GENERICA', 'IP6 PLUS', '3.50', '6.00', '8.00', '', 'STARRY', 'TIENDA 25 DE MAYO', 26),
(362, 'GENERICA', 'IP7 PLUS', '3.50', '6.00', '8.00', '', 'STARRY', 'TIENDA 25 DE MAYO', 26),
(363, 'GENERICA', 'NOTE 4', '3.50', '6.00', '8.00', '', 'STARRY', 'TIENDA 25 DE MAYO', 26),
(365, 'GENERICA', 'NOTE 5', '3.50', '6.00', '8.00', '', 'STARRY', 'TIENDA 25 DE MAYO', 26),
(366, 'GENERICA', 'P8 LITE', '3.50', '6.00', '8.00', '', 'STARRY', 'TIENDA 25 DE MAYO', 26),
(368, 'GENERICA', 'P9 LITE', '3.50', '6.00', '8.00', '', 'STARRY', 'TIENDA 25 DE MAYO', 26),
(370, 'GENERICA', 'Y5 II', '3.50', '6.00', '8.00', '', 'STARRY', 'TIENDA 25 DE MAYO', 26),
(371, 'GENERICA', 'A3 2017', '6.00', '13.00', '15.00', '', 'STARRY', 'TIENDA 25 DE MAYO', 72),
(372, 'GENERICA', 'XA', '6.00', '13.00', '15.00', '', 'STARRY', 'TIENDA 25 DE MAYO', 72),
(374, 'GENERICA', 'S6 EDGE', '6.00', '13.00', '15.00', '', 'STARRY', 'TIENDA 25 DE MAYO', 72),
(375, 'GENERICA', 'S7', '6.00', '13.00', '15.00', '', 'STARRY', 'TIENDA 25 DE MAYO', 72),
(377, 'GENERICA', 'IP 5', '6.00', '13.00', '15.00', '', 'STARRY', 'TIENDA 25 DE MAYO', 72),
(378, 'GENERICA', 'IP 6', '6.00', '13.00', '15.00', '', 'STARRY', 'TIENDA 25 DE MAYO', 72),
(379, 'GENERICA', '6G PLUS', '6.00', '13.00', '15.00', '', 'STARRY', 'TIENDA 25 DE MAYO', 72),
(380, 'GENERICA', 'IP 6 PLUS', '6.00', '13.00', '15.00', '', 'STARRY', 'TIENDA 25 DE MAYO', 72),
(381, 'GENERICA', 'IP7', '6.00', '13.00', '15.00', '', 'STARRY', 'TIENDA 25 DE MAYO', 72),
(382, 'GENERICA', 'IP7 PLUS', '6.00', '13.00', '15.00', '', 'STARRY', 'TIENDA 25 DE MAYO', 72),
(384, 'Motomo', 'J5 PRIME', '5.00', '9.00', '13.00', '', 'STARRY', 'TIENDA 25 DE MAYO', 65),
(385, 'Motomo', 'NOTE 5', '5.00', '9.00', '13.00', '', 'STARRY', 'TIENDA 25 DE MAYO', 65),
(387, 'Motomo', 'IP7 PLUS', '5.00', '9.00', '13.00', '', 'STARRY', 'TIENDA 25 DE MAYO', 65),
(389, 'Motomo', 'S6 EDGE', '5.00', '9.00', '13.00', '', 'STARRY', 'TIENDA 25 DE MAYO', 65),
(392, 'Motomo', 'IP7', '5.00', '9.00', '13.00', '', 'STARRY', 'TIENDA 25 DE MAYO', 65),
(393, 'GENERICA', 'J5 PRO', '8.00', '15.00', '18.00', '', 'STARRY', 'TIENDA 25 DE MAYO', 73),
(395, 'GENERICA', 'J7 PRO', '8.00', '15.00', '18.00', '', 'STARRY', 'TIENDA 25 DE MAYO', 73),
(397, 'GENERICA', 'A5 2017', '5.00', '8.00', '10.00', '', 'STARRY', 'TIENDA 25 DE MAYO', 5),
(398, 'GENERICA', 'A7 2017', '5.00', '8.00', '10.00', '', 'STARRY', 'TIENDA 25 DE MAYO', 5),
(400, 'GENERICA', 'J2 PRIME', '5.00', '8.00', '10.00', '', 'STARRY', 'TIENDA 25 DE MAYO', 5),
(402, 'GENERICA', 'J7 PRIME', '5.00', '8.00', '10.00', '', 'STARRY', 'TIENDA 25 DE MAYO', 5),
(404, 'GENERICA', 'IP6 ', '5.00', '8.00', '10.00', '', 'STARRY', 'TIENDA 25 DE MAYO', 5),
(406, 'GENERICA', 'IP7', '5.00', '8.00', '10.00', '', 'STARRY', 'TIENDA 25 DE MAYO', 5),
(408, 'GENERICA', 'S8', '5.00', '8.00', '10.00', '', 'STARRY', 'TIENDA 25 DE MAYO', 5),
(410, 'GENERICA', 'S8 PLUS', '5.00', '8.00', '10.00', '', 'STARRY', 'TIENDA 25 DE MAYO', 5),
(412, 'GENERICA', 'IP7 PLUS', '5.50', '8.00', '11.00', '', 'STARRY', 'TIENDA 25 DE MAYO', 71),
(413, 'GENERICA', 'IP7', '5.50', '8.00', '11.00', '', 'STARRY', 'TIENDA 25 DE MAYO', 71),
(415, 'GENERICA', 'S8', '5.50', '8.00', '11.00', '', 'STARRY', 'TIENDA 25 DE MAYO', 71),
(417, 'GENERICA', 'S8 PLUS', '5.50', '8.00', '11.00', '', 'STARRY', 'TIENDA 25 DE MAYO', 71),
(419, 'GENERICA', 'A520', '5.50', '8.00', '11.00', '', 'STARRY', 'TIENDA 25 DE MAYO', 71),
(420, 'GENERICA', 'A7 2017', '5.50', '8.00', '11.00', '', 'STARRY', 'TIENDA 25 DE MAYO', 71),
(422, 'GENERICA', 'P9 LITE', '5.50', '8.00', '11.00', '', 'STARRY', 'TIENDA 25 DE MAYO', 71),
(424, 'GENERICA', 'MATE 9 ', '5.50', '8.00', '11.00', '', 'STARRY', 'TIENDA 25 DE MAYO', 71),
(426, 'GENERICA', 'MATE 9 LITE', '5.50', '8.00', '11.00', '', 'STARRY', 'TIENDA 25 DE MAYO', 71),
(432, 'GENERICA', 'S3', '8.00', '15.00', '20.00', '', 'STARRY', 'TIENDA 25 DE MAYO', 66),
(434, 'GENERICA', 'IP4', '8.00', '15.00', '20.00', '', 'STARRY', 'TIENDA 25 DE MAYO', 66),
(436, 'GENERICA', 'IP5', '8.00', '15.00', '20.00', '', 'STARRY', 'TIENDA 25 DE MAYO', 66),
(439, 'GENERICA', 'S7 EDGE', '3.50', '6.00', '8.00', '', 'STARRY', 'TIENDA 25 DE MAYO', 26),
(442, 'GENERICA', 'S6 EDGE GOLD', '6.00', '12.00', '15.00', '', 'STARRY', 'TIENDA 25 DE MAYO', 20),
(443, 'GENERICA', 'S6 EDGE BLACK', '6.00', '12.00', '15.00', '', 'STARRY', 'TIENDA 25 DE MAYO', 20),
(444, 'GENERICA', 'S6 EDGE BLUE ', '6.00', '12.00', '15.00', '', 'STARRY', 'TIENDA 25 DE MAYO', 20),
(445, 'GENERICA', 'S6 EDGE WHITE ', '6.00', '12.00', '15.00', '', 'STARRY', 'TIENDA 25 DE MAYO', 20),
(446, 'GENERICA', 'S6 EDGE CLEAR', '6.00', '12.00', '15.00', '', 'STARRY', 'TIENDA 25 DE MAYO', 20),
(447, 'GENERICA', 'S6 EDGE PLUS GOLD', '6.00', '12.00', '15.00', '', 'STARRY', 'TIENDA 25 DE MAYO', 20),
(448, 'GENERICA', 'S6 EDGE PLUS BLACK', '6.00', '12.00', '15.00', '', 'STARRY', 'TIENDA 25 DE MAYO', 20),
(449, 'GENERICA', 'S6 EDGE PLUS BLUE', '6.00', '12.00', '15.00', '', 'STARRY', 'TIENDA 25 DE MAYO', 20),
(450, 'GENERICA', 'S6 EDGE PLUS WHITE', '6.00', '12.00', '15.00', '', 'STARRY', 'TIENDA 25 DE MAYO', 20),
(451, 'GENERICA', 'S6 EDGE PLUS CLEAR', '6.00', '12.00', '15.00', '', 'STARRY', 'TIENDA 25 DE MAYO', 20),
(452, 'GENERICA', 'S7 EDGE GOLD', '6.00', '12.00', '15.00', '', 'STARRY', 'TIENDA 25 DE MAYO', 20),
(453, 'GENERICA', 'S7 EDGE BLACK', '6.00', '12.00', '15.00', '', 'STARRY', 'TIENDA 25 DE MAYO', 20),
(454, 'GENERICA', 'S7 EDGE BLUE', '6.00', '12.00', '15.00', '', 'STARRY', 'TIENDA 25 DE MAYO', 20),
(455, 'GENERICA', 'S7 WHITE', '6.00', '12.00', '15.00', '', 'STARRY', 'TIENDA 25 DE MAYO', 20),
(456, 'GENERICA', 'S7 EDGE  WHITE', '6.00', '12.00', '15.00', '', 'STARRY', 'TIENDA 25 DE MAYO', 20),
(457, 'GENERICA', 'S7 EDGE CLEAR', '6.00', '12.00', '15.00', '', 'STARRY', 'TIENDA 25 DE MAYO', 20),
(458, 'GENERICA', 'S8 PLUS GOLD', '6.00', '12.00', '15.00', '', 'STARRY', 'TIENDA 25 DE MAYO', 20),
(459, 'GENERICA', 'S8 PLUS BLACK', '6.00', '12.00', '15.00', '', 'STARRY', 'TIENDA 25 DE MAYO', 20),
(460, 'GENERICA', 'S8 PLUS BLUE', '6.00', '12.00', '15.00', '', 'STARRY', 'TIENDA 25 DE MAYO', 20),
(461, 'GENERICA', 'S8 PLUS WHITE ', '6.00', '12.00', '15.00', '', 'STARRY', 'TIENDA 25 DE MAYO', 20),
(462, 'GENERICA', 'S8 PLUS CLEAR', '6.00', '12.00', '15.00', '', 'STARRY', 'TIENDA 25 DE MAYO', 2),
(463, 'GENERICA', 'S8 GOLD', '6.00', '12.00', '15.00', '', 'STARRY', 'TIENDA 25 DE MAYO', 20),
(464, 'GENERICA', 'S8 BLACK', '6.00', '12.00', '15.00', '', 'STARRY', 'TIENDA 25 DE MAYO', 20),
(465, 'GENERICA', 'S8 BLUE', '6.00', '12.00', '15.00', '', 'STARRY', 'TIENDA 25 DE MAYO', 20),
(466, 'GENERICA', 'S8 WHITE', '6.00', '12.00', '15.00', '', 'STARRY', 'TIENDA 25 DE MAYO', 20),
(467, 'GENERICA', 'S8 CLEAR', '6.00', '12.00', '15.00', '', 'STARRY', 'TIENDA 25 DE MAYO', 20),
(468, 'GENERICA', 'NOTE 8 GOLD', '6.00', '12.00', '15.00', '', 'STARRY', 'TIENDA 25 DE MAYO', 20),
(469, 'GENERICA', 'NOTE 8 BLACK ', '6.00', '12.00', '15.00', '', 'STARRY', 'TIENDA 25 DE MAYO', 20),
(470, 'GENERICA', 'NOTE 8 BLUE', '6.00', '12.00', '15.00', '', 'STARRY', 'TIENDA 25 DE MAYO', 20),
(471, 'GENERICA', 'NOTE 8 WHITE', '6.00', '12.00', '15.00', '', 'STARRY', 'TIENDA 25 DE MAYO', 20),
(472, 'GENERICA', 'NOTE 8 CLEAR', '6.00', '12.00', '15.00', '', 'STARRY', 'TIENDA 25 DE MAYO', 20),
(473, 'GENERICA', 'NOTE 7 GOLD', '6.00', '12.00', '15.00', '', 'STARRY', 'TIENDA 25 DE MAYO', 20),
(474, 'GENERICA', 'NOTE 7 BLACK', '6.00', '12.00', '15.00', '', 'STARRY', 'TIENDA 25 DE MAYO', 20),
(475, 'GENERICA', 'NOTE 7 BLUE ', '6.00', '12.00', '15.00', '', 'STARRY', 'TIENDA 25 DE MAYO', 20),
(477, 'GENERICA', 'NOTE 7 WHITE', '6.00', '12.00', '15.00', '', 'STARRY', 'TIENDA 25 DE MAYO', 20),
(478, 'GENERICA', 'NOTE 7 CLEAR', '6.00', '12.00', '15.00', '', 'STARRY', 'TIENDA 25 DE MAYO', 20),
(479, 'Samsung', 'S2', '1.50', '2.30', '3.00', '', 'JACKY', 'TIENDA HEROINAS', 2),
(480, 'Samsung', 'S3', '1.50', '2.30', '3.00', '', 'STARRY', 'TIENDA HEROINAS', 2),
(481, 'Samsung', 'S3 MINI', '1.50', '2.30', '3.00', '', 'STARRY', 'TIENDA HEROINAS', 2),
(482, 'Samsung', 'S4', '1.50', '2.30', '3.00', '', 'STARRY', 'TIENDA HEROINAS', 2),
(483, 'Samsung', 'S4 MINI', '1.50', '2.30', '3.00', '', 'STARRY', 'TIENDA HEROINAS', 2),
(484, 'Samsung', 'S5', '1.50', '2.30', '3.00', '', 'STARRY', 'TIENDA HEROINAS', 2),
(485, 'Samsung', 'S5 MINI', '1.50', '2.30', '3.00', '', 'STARRY', 'TIENDA HEROINAS', 2),
(486, 'Samsung', 'S6', '1.50', '2.30', '3.00', '', 'STARRY', 'TIENDA HEROINAS', 2),
(487, 'Samsung', 'S7', '1.50', '2.30', '3.00', '', 'STARRY', 'TIENDA HEROINAS', 2),
(488, 'Samsung', 'J1 MINI PRIME', '1.50', '2.30', '3.00', '', 'STARRY', 'TIENDA HEROINAS', 2),
(489, 'Samsung', 'J1 ACE', '1.50', '2.30', '3.00', '', 'STARRY', 'TIENDA HEROINAS', 2),
(490, 'Samsung', 'J2', '1.50', '2.30', '3.00', '', 'STARRY', 'TIENDA HEROINAS', 2),
(491, 'Samsung', 'J2 PRIME', '1.50', '2.30', '3.00', '', 'STARRY', 'TIENDA HEROINAS', 2),
(492, 'Samsung', 'J3-2015', '1.50', '2.30', '3.00', '', 'STARRY', 'TIENDA HEROINAS', 2),
(493, 'Samsung', 'J3-2017', '1.50', '2.30', '3.00', '', 'STARRY', 'TIENDA HEROINAS', 2),
(494, 'Samsung', 'J4-2018', '1.50', '2.30', '3.00', '', 'STARRY', 'TIENDA HEROINAS', 2),
(495, 'Samsung', 'J5-2015', '1.50', '2.30', '3.00', '', 'STARRY', 'TIENDA HEROINAS', 2),
(496, 'Samsung', 'J5-2016', '1.50', '2.30', '3.00', '', 'STARRY', 'TIENDA HEROINAS', 2),
(497, 'Samsung', 'J5 PRIME', '1.50', '2.30', '3.00', '', 'STARRY', 'TIENDA HEROINAS', 2),
(498, 'Samsung', 'J5-PRO', '1.50', '2.30', '3.00', '', 'STARRY', 'TIENDA HEROINAS', 2),
(499, 'Samsung', 'J7 2015', '1.50', '2.30', '3.00', '', 'STARRY', 'TIENDA HEROINAS', 2),
(500, 'Samsung', 'J7 2016', '1.50', '2.30', '3.00', '', 'STARRY', 'TIENDA HEROINAS', 2),
(501, 'Samsung', 'J7 PRIME', '1.50', '2.30', '3.00', '', 'STARRY', 'TIENDA HEROINAS', 2),
(502, 'Samsung', 'J7 PRO', '1.50', '2.30', '3.00', '', 'STARRY', 'TIENDA HEROINAS', 2),
(503, 'Samsung', 'J7 NEO', '1.50', '2.30', '3.00', '', 'STARRY', 'TIENDA HEROINAS', 2),
(504, 'Samsung', 'A3 2017', '1.50', '2.30', '3.00', '', 'STARRY', 'TIENDA HEROINAS', 2),
(505, 'Samsung', 'A 310', '1.50', '2.30', '3.00', '', 'STARRY', 'TIENDA HEROINAS', 2),
(506, 'Samsung', 'A3 2017 BLACK', '1.50', '2.30', '3.00', '', 'STARRY', 'TIENDA HEROINAS', 2),
(507, 'Samsung', 'A3 2017 GOLD', '1.50', '2.30', '3.00', '', 'STARRY', 'TIENDA HEROINAS', 2),
(508, 'Samsung', 'A5 2017', '1.50', '2.30', '3.00', '', 'STARRY', 'TIENDA HEROINAS', 2),
(509, 'Samsung', 'A5 2017 GOLD', '1.50', '2.30', '3.00', '', 'STARRY', 'TIENDA HEROINAS', 2),
(510, 'Samsung', 'A5 2017 BLACK', '1.50', '2.30', '3.00', '', 'STARRY', 'TIENDA HEROINAS', 2),
(511, 'Samsung', 'A7 2017', '1.50', '2.30', '3.00', '', 'STARRY', 'TIENDA HEROINAS', 2),
(512, 'Samsung', 'A7 2017 BLACK ', '1.50', '2.30', '3.00', '', 'STARRY', 'TIENDA HEROINAS', 2),
(513, 'Samsung', 'A7 2017 GOLD', '1.50', '2.30', '3.00', '', 'STARRY', 'TIENDA HEROINAS', 2),
(514, 'Samsung', 'A8', '1.50', '2.30', '3.00', '', 'STARRY', 'TIENDA HEROINAS', 2),
(515, 'Samsung', 'A9', '1.50', '2.30', '3.00', '', 'STARRY', 'TIENDA HEROINAS', 2),
(516, 'Samsung', 'A915', '1.50', '2.30', '3.00', '', 'STARRY', 'TIENDA HEROINAS', 2),
(517, 'Samsung', 'NOTE 2', '1.50', '2.30', '3.00', '', 'STARRY', 'TIENDA HEROINAS', 2),
(518, 'Samsung', 'NOTE 3', '1.50', '2.30', '3.00', '', 'STARRY', 'TIENDA HEROINAS', 2),
(519, 'Samsung', 'NOTE 4', '1.50', '2.30', '3.00', '', 'STARRY', 'TIENDA HEROINAS', 2),
(520, 'Samsung', 'NOTE 5', '1.50', '2.30', '3.00', '', 'STARRY', 'TIENDA HEROINAS', 2),
(521, 'Samsung', 'NOTE 4 EDGE', '1.50', '2.30', '3.00', '', 'STARRY', 'TIENDA HEROINAS', 2),
(522, 'Samsung', 'CORE 2', '1.50', '2.30', '3.00', '', 'STARRY', 'TIENDA HEROINAS', 2),
(523, 'Samsung', 'CORE 8260', '1.50', '2.30', '3.00', '', 'STARRY', 'TIENDA HEROINAS', 2),
(524, 'Samsung', 'GRAND DUOS', '1.50', '2.30', '3.00', '', 'STARRY', 'TIENDA HEROINAS', 2),
(525, 'Samsung', 'POCKET 2', '1.50', '2.30', '3.00', '', 'STARRY', 'TIENDA HEROINAS', 2),
(526, 'Samsung', 'ACE', '1.50', '2.30', '3.00', '', 'STARRY', 'TIENDA HEROINAS', 2),
(527, 'Samsung', 'ACE 4', '1.50', '2.30', '3.00', '', 'STARRY', 'TIENDA HEROINAS', 2),
(528, 'Samsung', 'ON 5', '1.50', '2.30', '3.00', '', 'STARRY', 'TIENDA HEROINAS', 2),
(529, 'Huawei', 'GR3 BLACK', '1.50', '2.30', '3.00', '', 'STARRY', 'TIENDA HEROINAS', 2),
(530, 'Huawei', 'GR3 GOLD', '1.50', '2.30', '3.00', '', 'STARRY', 'TIENDA HEROINAS', 2),
(531, 'Huawei', 'GR5 2017 BLACK', '1.50', '2.30', '3.00', '', 'STARRY', 'TIENDA HEROINAS', 2),
(532, 'Huawei', 'GR5 2017 GOLD', '1.50', '2.30', '3.00', '', 'STARRY', 'TIENDA HEROINAS', 2),
(533, 'Huawei', 'Y3 ', '1.50', '2.30', '3.00', '', 'STARRY', 'TIENDA HEROINAS', 2),
(534, 'Huawei', 'Y3 II', '1.50', '2.30', '3.00', '', 'STARRY', 'TIENDA HEROINAS', 2),
(535, 'Huawei', 'Y3 2017', '1.50', '2.30', '3.00', '', 'STARRY', 'TIENDA HEROINAS', 2),
(536, 'Huawei', 'Y3 II 2017', '1.50', '2.30', '3.00', '', 'STARRY', 'TIENDA HEROINAS', 2),
(537, 'Huawei', 'Y360', '1.50', '2.30', '3.00', '', 'STARRY', 'TIENDA HEROINAS', 2),
(538, 'Huawei', 'Y530', '1.50', '2.30', '3.00', '', 'STARRY', 'TIENDA HEROINAS', 2),
(539, 'Huawei', 'Y5', '1.50', '2.30', '3.00', '', 'STARRY', 'TIENDA HEROINAS', 2),
(540, 'Huawei', 'Y5 II', '1.50', '2.30', '3.00', '', 'STARRY', 'TIENDA HEROINAS', 2),
(541, 'Huawei', 'Y5 II 2017', '1.50', '2.30', '3.00', '', 'STARRY', 'TIENDA HEROINAS', 2),
(542, 'Huawei', 'Y6 II ', '1.50', '2.30', '3.00', '', 'STARRY', 'TIENDA HEROINAS', 2),
(543, 'Huawei', 'Y6 II 2017', '1.50', '2.30', '3.00', '', 'STARRY', 'TIENDA HEROINAS', 2),
(544, 'Huawei', 'Y7 PRIME ', '1.50', '2.30', '3.00', '', 'STARRY', 'TIENDA HEROINAS', 2),
(545, 'Huawei', 'Y6 2017', '1.50', '2.30', '3.00', '', 'STARRY', 'TIENDA HEROINAS', 2),
(546, 'Huawei', 'MATE 7', '1.50', '2.30', '3.00', '', 'STARRY', 'TIENDA HEROINAS', 2),
(547, 'Huawei', 'MATE 8', '1.50', '2.30', '3.00', '', 'STARRY', 'TIENDA HEROINAS', 2),
(548, 'Huawei', 'MATE 9 LITE', '1.50', '2.30', '3.00', '', 'STARRY', 'TIENDA HEROINAS', 2),
(549, 'Huawei', 'MATE 10', '1.50', '2.30', '3.00', '', 'STARRY', 'TIENDA HEROINAS', 2),
(550, 'Huawei', 'MATE S', '1.50', '2.30', '3.00', '', 'STARRY', 'TIENDA HEROINAS', 2),
(551, 'Huawei', 'P8 LITE', '1.50', '2.30', '3.00', '', 'STARRY', 'TIENDA HEROINAS', 2),
(552, 'Huawei', 'P8 LITE  2017', '1.50', '2.30', '3.00', '', 'STARRY', 'TIENDA HEROINAS', 2),
(553, 'Huawei', 'P9 ', '1.50', '2.30', '3.00', '', 'STARRY', 'TIENDA HEROINAS', 2),
(554, 'Huawei', 'P9 LITE', '1.50', '2.30', '3.00', '', 'STARRY', 'TIENDA HEROINAS', 2),
(555, 'Huawei', 'P9 PLUS', '1.50', '2.30', '3.00', '', 'STARRY', 'TIENDA HEROINAS', 2),
(556, 'Huawei', 'P9 LITE SMART', '1.50', '2.30', '3.00', '', 'STARRY', 'TIENDA HEROINAS', 2),
(557, 'Huawei', 'P9 LITE MINI', '1.50', '2.30', '3.00', '', 'STARRY', 'TIENDA HEROINAS', 2),
(558, 'Huawei', 'P10', '1.50', '2.30', '3.00', '', 'STARRY', 'TIENDA HEROINAS', 2),
(559, 'Huawei', 'P10 PLUS', '1.50', '2.30', '3.00', '', 'STARRY', 'TIENDA HEROINAS', 2),
(560, 'Huawei', 'P10 PLUS GOLD', '1.50', '2.30', '3.00', '', 'STARRY', 'TIENDA HEROINAS', 2),
(561, 'Huawei', 'P10 PLUS BLACK', '1.50', '2.30', '3.00', '', 'STARRY', 'TIENDA HEROINAS', 2),
(562, 'Huawei', 'P10 BLACK', '1.50', '2.30', '3.00', '', 'STARRY', 'TIENDA HEROINAS', 2),
(563, 'Huawei', 'P10 GOLD', '1.50', '2.30', '3.00', '', 'STARRY', 'TIENDA HEROINAS', 2),
(564, 'Huawei', 'NOVA PLUS', '1.50', '2.30', '3.00', '', 'STARRY', 'TIENDA HEROINAS', 2),
(565, 'Huawei', 'G PLAY ', '1.50', '2.30', '3.00', '', 'STARRY', 'TIENDA HEROINAS', 2),
(566, 'Huawei', 'G PLAY MINI', '1.50', '2.30', '3.00', '', 'STARRY', 'TIENDA HEROINAS', 2),
(567, 'Sony', 'XA ULTRA', '1.50', '2.30', '3.00', '', 'STARRY', 'TIENDA HEROINAS', 2),
(568, 'Sony', 'SONY X', '1.50', '2.30', '3.00', '', 'STARRY', 'TIENDA HEROINAS', 2),
(569, 'Sony', 'SONY Z', '1.50', '2.30', '3.00', '', 'STARRY', 'TIENDA HEROINAS', 2),
(570, 'Sony', 'SONY C5', '1.50', '2.30', '3.00', '', 'STARRY', 'TIENDA HEROINAS', 2),
(571, 'Sony', 'SONY C3', '1.50', '2.30', '3.00', '', 'STARRY', 'TIENDA HEROINAS', 2),
(572, 'Sony', 'Z1 BACK', '1.50', '2.30', '3.00', '', 'STARRY', 'TIENDA HEROINAS', 2),
(573, 'Sony', 'Z1 MINI', '1.50', '2.30', '3.00', '', 'STARRY', 'TIENDA HEROINAS', 2),
(574, 'Sony', 'Z2', '1.50', '2.30', '3.00', '', 'STARRY', 'TIENDA HEROINAS', 2),
(575, 'Sony', 'Z2 BACK', '1.50', '2.30', '3.00', '', 'STARRY', 'TIENDA HEROINAS', 2),
(576, 'Sony', 'Z5 PREMIUM PLUS', '1.50', '2.30', '3.00', '', 'STARRY', 'TIENDA HEROINAS', 2),
(577, 'Sony', 'Z3 MINI', '1.50', '2.30', '3.00', '', 'STARRY', 'TIENDA HEROINAS', 2),
(578, 'Sony', 'Z4', '1.50', '2.30', '3.00', '', 'STARRY', 'TIENDA HEROINAS', 2),
(579, 'Sony', 'Z4 BLACK', '1.50', '2.30', '3.00', '', 'STARRY', 'TIENDA HEROINAS', 2),
(580, 'Sony', 'Z5 ', '1.50', '2.30', '3.00', '', 'STARRY', 'TIENDA HEROINAS', 2),
(581, 'Sony', 'Z5 BACK', '1.50', '2.30', '3.00', '', 'STARRY', 'TIENDA HEROINAS', 2),
(582, 'Sony', 'Z5 PLUS', '1.50', '2.30', '3.00', '', 'STARRY', 'TIENDA HEROINAS', 2),
(583, 'Sony', 'Z5 PREMIUM', '1.50', '2.30', '3.00', '', 'STARRY', 'TIENDA HEROINAS', 2),
(584, 'Sony', 'Z5 ULTRA', '1.50', '2.30', '3.00', '', 'STARRY', 'TIENDA HEROINAS', 2),
(585, 'Sony', 'Z4 MINI', '1.50', '2.30', '3.00', '', 'STARRY', 'TIENDA HEROINAS', 2),
(586, 'Sony', 'M4 AQUA', '1.50', '2.30', '3.00', '', 'STARRY', 'TIENDA HEROINAS', 2),
(587, 'Sony', 'XA', '1.50', '2.30', '3.00', '', 'STARRY', 'TIENDA HEROINAS', 2),
(588, 'Sony', 'XZP', '1.50', '2.30', '3.00', '', 'STARRY', 'TIENDA HEROINAS', 2),
(589, 'HTC', 'M4', '1.50', '2.30', '3.00', '', 'STARRY', 'TIENDA HEROINAS', 2),
(590, 'HTC', 'M5', '1.50', '2.30', '3.00', '', 'STARRY', 'TIENDA HEROINAS', 2),
(591, 'HTC', 'M7', '1.50', '2.30', '3.00', '', 'STARRY', 'TIENDA HEROINAS', 2),
(592, 'HTC', 'M8', '1.50', '2.30', '3.00', '', 'STARRY', 'TIENDA HEROINAS', 2),
(593, 'HTC', 'M9', '1.50', '2.30', '3.00', '', 'STARRY', 'TIENDA HEROINAS', 2),
(594, 'HTC', 'M9 PLUS', '1.50', '2.30', '3.00', '', 'STARRY', 'TIENDA HEROINAS', 2),
(595, 'HTC', 'M10', '1.50', '2.30', '3.00', '', 'STARRY', 'TIENDA HEROINAS', 2),
(596, 'HTC', 'HTC626', '1.50', '2.30', '3.00', '', 'STARRY', 'TIENDA HEROINAS', 2),
(597, 'Samsung', 'J6 2018', '1.50', '2.30', '3.00', '', 'STARRY', 'TIENDA HEROINAS', 2),
(598, 'Samsung', 'J8 2018', '1.50', '2.30', '3.00', '', 'STARRY', 'TIENDA HEROINAS', 2),
(599, 'Huawei', 'P20', '1.50', '2.30', '3.00', '', 'STARRY', 'TIENDA HEROINAS', 2),
(600, 'Huawei', 'P20 LITE', '1.50', '2.30', '3.00', '', 'STARRY', 'TIENDA HEROINAS', 2),
(601, 'Huawei', 'P20 PRO', '1.50', '2.30', '3.00', '', 'STARRY', 'TIENDA HEROINAS', 2),
(602, 'Huawei', 'Mate 10', '1.50', '2.30', '3.00', '', 'STARRY', 'TIENDA HEROINAS', 2),
(603, 'Huawei', 'MATE 10 LITE', '1.50', '2.30', '3.00', '', 'STARRY', 'TIENDA HEROINAS', 2),
(604, 'Huawei', 'MATE 10 PRO', '1.50', '2.30', '3.00', '', 'STARRY', 'TIENDA HEROINAS', 2),
(605, 'LG', 'K3 2017', '1.50', '2.30', '3.00', '', 'STARRY', 'TIENDA HEROINAS', 2),
(606, 'LG', 'K4 2017', '1.50', '2.30', '3.00', '', 'STARRY', 'TIENDA HEROINAS', 2),
(607, 'LG', 'K5', '1.50', '2.30', '3.00', '', 'STARRY', 'TIENDA HEROINAS', 2),
(608, 'LG', 'K7', '1.50', '2.30', '3.00', '', 'STARRY', 'TIENDA HEROINAS', 2),
(609, 'LG', 'K8', '1.50', '2.30', '3.00', '', 'STARRY', 'TIENDA HEROINAS', 2),
(610, 'LG', 'K8 2017', '1.50', '2.30', '3.00', '', 'STARRY', 'TIENDA HEROINAS', 2),
(611, 'LG', 'K10 2017', '1.50', '2.30', '3.00', '', 'STARRY', 'TIENDA HEROINAS', 2),
(612, 'LG', 'K10', '1.50', '2.30', '3.00', '', 'STARRY', 'TIENDA HEROINAS', 2),
(613, 'LG', 'G2', '1.50', '2.30', '3.00', '', 'STARRY', 'TIENDA HEROINAS', 2),
(614, 'LG', 'G2 MINI', '1.50', '2.30', '3.00', '', 'STARRY', 'TIENDA HEROINAS', 2),
(615, 'LG', 'G3 STYLUS', '1.50', '2.30', '3.00', '', 'STARRY', 'TIENDA HEROINAS', 2),
(616, 'LG', 'G4', '1.50', '2.30', '3.00', '', 'STARRY', 'TIENDA HEROINAS', 2),
(617, 'LG', 'G4 STYLUS', '1.50', '2.30', '3.00', '', 'STARRY', 'TIENDA HEROINAS', 2),
(618, 'LG', 'G5', '1.50', '2.30', '3.00', '', 'STARRY', 'TIENDA HEROINAS', 2),
(619, 'LG', 'G6', '1.50', '2.30', '3.00', '', 'STARRY', 'TIENDA HEROINAS', 2),
(620, 'LG', 'G4 PLUS', '1.50', '2.30', '3.00', '', 'STARRY', 'TIENDA HEROINAS', 2),
(621, 'LG', 'SPIRIT', '1.50', '2.30', '3.00', '', 'STARRY', 'TIENDA HEROINAS', 2),
(622, 'LG', 'LEON', '1.50', '2.30', '3.00', '', 'STARRY', 'TIENDA HEROINAS', 2),
(623, 'LG', 'MAGNA', '1.50', '2.30', '3.00', '', 'STARRY', 'TIENDA HEROINAS', 2),
(624, 'Apple', 'IP X', '1.50', '2.30', '3.00', '', 'STARRY', 'TIENDA HEROINAS', 2),
(625, 'Apple', 'IP5', '1.50', '2.30', '3.00', '', 'STARRY', 'TIENDA HEROINAS', 2),
(626, 'Apple', 'IP6', '1.50', '2.30', '3.00', '', 'STARRY', 'TIENDA HEROINAS', 2),
(627, 'Apple', 'IP6 PLUS', '1.50', '2.30', '3.00', '', 'STARRY', 'TIENDA HEROINAS', 2),
(628, 'Apple', 'IP6 BACK', '1.50', '2.30', '3.00', '', 'STARRY', 'TIENDA HEROINAS', 2),
(629, 'Apple', 'IP7', '1.50', '2.30', '3.00', '', 'STARRY', 'TIENDA HEROINAS', 2),
(630, 'Apple', 'IP7 PLUS', '1.50', '2.30', '3.00', '', 'STARRY', 'TIENDA HEROINAS', 2),
(631, 'Motorola', 'MOTO X4', '1.50', '2.30', '3.00', '', 'STARRY', 'TIENDA HEROINAS', 2),
(632, 'Motorola', 'MOTO E4', '1.50', '2.30', '3.00', '', 'STARRY', 'TIENDA HEROINAS', 2),
(633, 'Motorola', 'MOTO C ', '1.50', '2.30', '3.00', '', 'STARRY', 'TIENDA HEROINAS', 2),
(634, 'Motorola', 'MOTO G5', '1.50', '2.30', '3.00', '', 'STARRY', 'TIENDA HEROINAS', 2),
(635, 'Motorola', 'MOTO G5S PLUS', '1.50', '2.30', '3.00', '', 'STARRY', 'TIENDA HEROINAS', 2),
(636, 'Motorola', 'MOTO X', '1.50', '2.30', '3.00', '', 'STARRY', 'TIENDA HEROINAS', 2),
(637, 'Motorola', 'G510', '1.50', '2.30', '3.00', '', 'STARRY', 'TIENDA HEROINAS', 2),
(638, 'Samsung', 'SAM M MahahSUNG S3 MINI - EB425161LU', '0.00', '0.00', '0.00', '', 'JACKY', 'TIENDA HEROINAS', 33),
(639, 'Samsung', 'SAMSUNG S3 - EB-L1G6LLA', '0.00', '0.00', '0.00', '', 'JACKY', 'TIENDA HEROINAS', 34),
(640, 'Samsung', 'SAMSUNG S4 MINI - B500AE', '0.00', '0.00', '0.00', '', 'JACKY', 'TIENDA HEROINAS', 35),
(641, 'Samsung', 'SAMSUNG S4 - B600BE', '0.00', '0.00', '0.00', '', 'JACKY', 'TIENDA HEROINAS', 36),
(642, 'Samsung', 'SAMSUNG S5 - EB-BG800CBE', '0.00', '0.00', '0.00', '', 'JACKY', 'TIENDA HEROINAS', 37),
(643, 'Samsung', 'SAMSUNG S2 - EB-F1A2GBU', '0.00', '0.00', '0.00', '', 'JACKY', 'TIENDA HEROINAS', 38),
(644, 'Samsung', 'SAMSUNG NOTE 3  - B800BE', '0.00', '0.00', '0.00', '', 'JACKY', 'TIENDA HEROINAS', 2),
(645, 'Samsung', 'SAMSUNG NOTE 4 - EB-BN910BBE', '0.00', '0.00', '0.00', '', 'JACKY', 'TIENDA HEROINAS', 37),
(646, 'Samsung', 'SAMSUNG CORE II - G355 - EB585157LU', '0.00', '0.00', '0.00', '', 'JACKY', 'TIENDA HEROINAS', 40),
(647, 'Samsung', 'SAMSUNG CORE PRIME - EB-BG360BBE', '0.00', '0.00', '0.00', '', 'JACKY', 'TIENDA HEROINAS', 40),
(648, 'Samsung', 'SAMSUNG GRAND PRIME / J2 PRIME - EB-BG530BBC', '0.00', '0.00', '0.00', '', 'JACKY', 'TIENDA HEROINAS', 40),
(649, 'Samsung', 'SAMSUNG J1 - EB-BJ100CBE', '0.00', '0.00', '0.00', '', 'JACKY', 'TIENDA HEROINAS', 41),
(650, 'Samsung', 'SAMSUNG J1 ACE - EB-BJ110ABE', '0.00', '0.00', '0.00', '', 'JACKY', 'TIENDA HEROINAS', 42),
(651, 'Samsung', 'SAMSUNG ACE S5830 - EB494358VU', '0.00', '0.00', '0.00', '', 'JACKY', 'TIENDA HEROINAS', 43),
(652, 'Samsung', 'SAMSUNG J7-2015 - EB-BJ700BBC', '0.00', '0.00', '0.00', '', 'JACKY', 'TIENDA HEROINAS', 48),
(653, 'Samsung', 'SAMSUNG J5 - 2015 - EB-BG530BBC', '0.00', '0.00', '0.00', '', 'JACKY', 'TIENDA HEROINAS', 36),
(654, 'Samsung', 'SAMSUNG J7 (2016) - EB - BJ710CBE', '0.00', '0.00', '0.00', '', 'JACKY', 'TIENDA HEROINAS', 44),
(655, 'Samsung', 'SAMSUNG J5 (2016) - EB-BJ510CBE', '0.00', '0.00', '0.00', '', 'JACKY', 'TIENDA HEROINAS', 45),
(656, 'Samsung', 'SAMSUNG J7 PRIME', '0.00', '0.00', '0.00', '', 'JACKY', 'TIENDA HEROINAS', 44),
(657, 'Samsung', 'SAMSUNG J5 PRIME', '0.00', '0.00', '0.00', '', 'STARRY', 'TIENDA HEROINAS', 46),
(658, 'Samsung', 'SAMSUNG S8 PLUS', '0.00', '0.00', '0.00', '', 'JACKY', 'TIENDA HEROINAS', 47),
(659, 'Samsung', 'SAMSUNG S8', '0.00', '0.00', '0.00', '', 'JACKY', 'TIENDA HEROINAS', 48),
(660, 'Samsung', 'SAMSUNG ACE 4 - EB-BG313BBE', '0.00', '0.00', '0.00', '', 'JACKY', 'TIENDA HEROINAS', 33),
(661, 'Samsung', 'SAMSUNG S6 EDGE', '0.00', '0.00', '0.00', '', 'JACKY', 'TIENDA HEROINAS', 36),
(662, 'Samsung', 'SAMSUNG S7 EDGE', '0.00', '0.00', '0.00', '', 'JACKY', 'TIENDA HEROINAS', 50),
(663, 'Samsung', 'SAMSUNG GRAND NEO - EB535163LU', '0.00', '0.00', '0.00', '', 'JACKY', 'TIENDA HEROINAS', 34),
(664, 'Samsung', 'SAMSUNG POCKET - EB 454353VA', '0.00', '0.00', '0.00', '', 'JACKY', 'TIENDA HEROINAS', 51),
(665, 'Samsung', 'REAL FAST', '0.00', '0.00', '0.00', '', 'JACKY', 'TIENDA HEROINAS', 52),
(666, 'Samsung', 'D5 REAL FAST', '0.00', '0.00', '0.00', '', 'JACKY', 'TIENDA HEROINAS', 52),
(667, 'Samsung', 'COPY FAST CHARGER', '0.00', '0.00', '0.00', '', 'JACKY', 'TIENDA HEROINAS', 52),
(668, 'Huawei', 'P9 ', '0.00', '0.00', '0.00', '', 'JACKY', 'TIENDA HEROINAS', 56),
(669, 'Xiaomi', 'Xiaomi', '0.00', '0.00', '0.00', '', 'JACKY', 'TIENDA HEROINAS', 60),
(670, 'Samsung', 'CHEAP SAMSUNG CHARGER WITH PACKING AND USB', '0.00', '0.00', '0.00', '', 'JACKY', 'TIENDA HEROINAS', 17),
(671, 'Samsung', 'V8 -AAA', '0.00', '0.00', '0.00', '', 'JACKY', 'TIENDA HEROINAS', 61);
INSERT INTO `producto` (`idproducto`, `marca`, `modelo`, `costodecompra`, `preciomayor`, `preciodetalle`, `descripcion`, `proveedor`, `sucursal`, `categoriaid`) VALUES
(672, 'GENERICA', 'Tipo C - V8 - iphone ', '0.00', '0.00', '0.00', '', 'JACKY', 'TIENDA HEROINAS', 62),
(673, 'Samsung', 'Samsung -caja logo especial', '0.00', '0.00', '0.00', '', 'JACKY', 'TIENDA HEROINAS', 52),
(674, 'Huawei', 'Huawei 2A', '0.00', '0.00', '0.00', '', 'JACKY', 'TIENDA HEROINAS', 64),
(675, 'Samsung', 'J2 PRIME GOLD', '1.50', '2.30', '3.00', '', 'JACKY', 'TIENDA HEROINAS', 2),
(676, 'Samsung', 'J2 PRIME BLACK', '1.50', '2.30', '3.00', '', 'JACKY', 'TIENDA HEROINAS', 2),
(677, 'Sony', 'T2 Ultra', '1.50', '2.30', '3.00', '', 'JACKY', 'TIENDA HEROINAS', 2),
(678, 'LG', 'Bello', '1.50', '2.30', '3.00', '', 'JACKY', 'TIENDA HEROINAS', 2),
(679, 'Motorola', 'Moto  E4 Plus', '1.50', '2.30', '3.00', '', 'STARRY', 'TIENDA HEROINAS', 2),
(680, 'Motorola', 'G5 PLUS', '1.50', '2.30', '3.00', '', 'STARRY', 'TIENDA HEROINAS', 2),
(681, 'Sony', 'Z MINI', '1.50', '2.30', '3.00', '', 'JACKY', 'TIENDA HEROINAS', 2),
(682, 'Sony', 'K4', '1.50', '2.30', '3.00', '', 'JACKY', 'TIENDA HEROINAS', 2),
(683, 'GENERICA', 'J1', '8.00', '15.00', '20.00', '', 'STARRY', 'TIENDA HEROINAS', 66),
(684, 'GENERICA', 'J2 PRIME', '8.00', '15.00', '20.00', '', 'STARRY', 'TIENDA HEROINAS', 66),
(685, 'GENERICA', 'S3', '8.00', '15.00', '20.00', '', 'STARRY', 'TIENDA HEROINAS', 2),
(686, 'GENERICA', 'S3 MINI', '8.00', '15.00', '20.00', '', 'STARRY', 'TIENDA HEROINAS', 66),
(687, 'GENERICA', 'S4', '8.00', '15.00', '20.00', '', 'STARRY', 'TIENDA HEROINAS', 66),
(688, 'GENERICA', 'S4 MINI', '8.00', '15.00', '20.00', '', 'STARRY', 'TIENDA HEROINAS', 66),
(689, 'GENERICA', 'S5', '8.00', '15.00', '20.00', '', 'STARRY', 'TIENDA HEROINAS', 66),
(690, 'GENERICA', 'S5 MINI', '8.00', '15.00', '20.00', '', 'STARRY', 'TIENDA HEROINAS', 66),
(691, 'GENERICA', 'C3', '8.00', '15.00', '20.00', '', 'STARRY', 'TIENDA HEROINAS', 66),
(692, 'GENERICA', 'C5', '8.00', '15.00', '20.00', '', 'STARRY', 'TIENDA HEROINAS', 66),
(693, 'GENERICA', 'C7', '8.00', '15.00', '20.00', '', 'STARRY', 'TIENDA HEROINAS', 66),
(694, 'GENERICA', 'C9', '8.00', '15.00', '20.00', '', 'STARRY', 'TIENDA HEROINAS', 66),
(695, 'GENERICA', 'G360', '8.00', '15.00', '20.00', '', 'STARRY', 'TIENDA HEROINAS', 66),
(696, 'GENERICA', 'IP4', '8.00', '15.00', '20.00', '', 'STARRY', 'TIENDA HEROINAS', 2),
(697, 'GENERICA', '8', '15.00', '20.00', '0.00', '', 'STARRY', 'TIENDA HEROINAS', 66),
(698, 'GENERICA', 'NOTE 4', '8.00', '15.00', '20.00', '', 'STARRY', 'TIENDA HEROINAS', 66),
(699, 'GENERICA', 'NOTE 3', '8.00', '15.00', '20.00', '', 'STARRY', 'TIENDA HEROINAS', 66),
(700, 'GENERICA', '3.5 - 4.0', '5.00', '7.00', '10.00', '', 'STARRY', 'TIENDA HEROINAS', 67),
(701, 'GENERICA', '4.0 - 4.5 ', '5.00', '7.00', '10.00', '', 'STARRY', 'TIENDA HEROINAS', 67),
(702, 'GENERICA', '4.5 - 5.0', '5.00', '7.00', '10.00', '', 'STARRY', 'TIENDA HEROINAS', 67),
(703, 'GENERICA', '5.0 - 5.5', '5.00', '7.00', '10.00', '', 'STARRY', 'TIENDA HEROINAS', 67),
(704, 'GENERICA', '5.5 - 6.0', '5.00', '7.00', '10.00', '', 'STARRY', 'TIENDA HEROINAS', 67),
(705, 'Gummy', 'J1 ', '8.00', '15.00', '20.00', '', 'STARRY', 'TIENDA HEROINAS', 68),
(706, 'Gummy', 'J1 MINI', '8.00', '15.00', '20.00', '', 'STARRY', 'TIENDA HEROINAS', 68),
(707, 'Gummy', 'J2', '8.00', '15.00', '20.00', '', 'STARRY', 'TIENDA HEROINAS', 68),
(708, 'Gummy', 'J5 PRIME', '8.00', '15.00', '20.00', '', 'STARRY', 'TIENDA HEROINAS', 68),
(709, 'Gummy', 'J5 2016', '8.00', '15.00', '20.00', '', 'STARRY', 'TIENDA HEROINAS', 68),
(710, 'Gummy', 'J7 2016', '8.00', '15.00', '20.00', '', 'STARRY', 'TIENDA HEROINAS', 68),
(711, 'Gummy', 'Y360', '8.00', '15.00', '20.00', '', 'STARRY', 'TIENDA HEROINAS', 68),
(712, 'Gummy', 'Y520', '8.00', '15.00', '20.00', '', 'STARRY', 'TIENDA HEROINAS', 68),
(713, 'Gummy', 'GR5 ', '8.00', '15.00', '20.00', '', 'STARRY', 'TIENDA HEROINAS', 68),
(714, 'Gummy', 'G360', '8.00', '15.00', '20.00', '', 'STARRY', 'TIENDA HEROINAS', 68),
(715, 'Gummy', 'G2', '8.00', '15.00', '20.00', '', 'STARRY', 'TIENDA HEROINAS', 68),
(716, 'Gummy', 'G3 ', '8.00', '15.00', '20.00', '', 'STARRY', 'TIENDA HEROINAS', 68),
(717, 'Gummy', 'S4', '8.00', '15.00', '20.00', '', 'STARRY', 'TIENDA HEROINAS', 68),
(718, 'Gummy', 'S5', '8.00', '15.00', '20.00', '', 'STARRY', 'TIENDA HEROINAS', 68),
(719, 'Gummy', 'A3 2016', '8.00', '15.00', '20.00', '', 'STARRY', 'TIENDA HEROINAS', 68),
(720, 'Gummy', 'K4', '8.00', '15.00', '20.00', '', 'STARRY', 'TIENDA HEROINAS', 68),
(721, 'Gummy', 'A3 2017', '8.00', '15.00', '20.00', '', 'STARRY', 'TIENDA HEROINAS', 68),
(722, 'Gummy', 'P8 ', '8.00', '15.00', '20.00', '', 'STARRY', 'TIENDA HEROINAS', 68),
(723, 'Gummy', 'MATE 8 ', '8.00', '15.00', '20.00', '', 'STARRY', 'TIENDA HEROINAS', 68),
(724, 'Verus', 'GR3 ', '5.00', '8.00', '10.00', '', 'STARRY', 'TIENDA HEROINAS', 69),
(725, 'Verus', 'GR5 ', '5.00', '8.00', '10.00', '', 'STARRY', 'TIENDA HEROINAS', 69),
(726, 'Verus', 'GR360', '5.00', '8.00', '10.00', '', 'STARRY', 'TIENDA HEROINAS', 69),
(727, 'Verus', '360', '5.00', '8.00', '10.00', '', 'STARRY', 'TIENDA HEROINAS', 69),
(728, 'Verus', 'M4 AQUA', '5.00', '8.00', '10.00', '', 'STARRY', 'TIENDA HEROINAS', 69),
(729, 'Verus', 'MG2', '5.00', '8.00', '10.00', '', 'STARRY', 'TIENDA HEROINAS', 69),
(730, 'Verus', 'MG3', '5.00', '8.00', '10.00', '', 'STARRY', 'TIENDA HEROINAS', 69),
(731, 'Verus', 'S6', '5.00', '8.00', '10.00', '', 'STARRY', 'TIENDA HEROINAS', 69),
(732, 'Verus', 'S6 EDGE', '5.00', '8.00', '10.00', '', 'STARRY', 'TIENDA HEROINAS', 69),
(733, 'Verus', 'Y635', '5.00', '8.00', '10.00', '', 'STARRY', 'TIENDA HEROINAS', 69),
(734, 'Verus', 'Z5 ', '5.00', '8.00', '10.00', '', 'STARRY', 'TIENDA HEROINAS', 69),
(735, 'Verus', 'LG770', '5.00', '8.00', '10.00', '', 'STARRY', 'TIENDA HEROINAS', 69),
(736, 'Verus', 'IP 5', '5.00', '8.00', '10.00', '', 'STARRY', 'TIENDA HEROINAS', 69),
(737, 'Verus', 'P9 ', '5.00', '8.00', '10.00', '', 'STARRY', 'TIENDA HEROINAS', 69),
(738, 'Verus', 'P9 LITE', '5.00', '8.00', '10.00', '', 'STARRY', 'TIENDA HEROINAS', 69),
(739, 'Verus', 'J5 ', '5.00', '8.00', '10.00', '', 'STARRY', 'TIENDA HEROINAS', 69),
(740, 'GENERICA', 'J1 MINI', '3.50', '6.00', '8.00', '', 'STARRY', 'TIENDA HEROINAS', 26),
(741, 'GENERICA', 'J2', '3.50', '6.00', '8.00', '', 'STARRY', 'TIENDA HEROINAS', 26),
(742, 'GENERICA', 'J3', '3.50', '6.00', '8.00', '', 'STARRY', 'TIENDA HEROINAS', 26),
(743, 'GENERICA', 'J3 PRIME', '3.50', '6.00', '8.00', '', 'STARRY', 'TIENDA HEROINAS', 26),
(744, 'GENERICA', 'J5 ', '3.50', '6.00', '8.00', '', 'STARRY', 'TIENDA HEROINAS', 26),
(745, 'GENERICA', 'J5 PRIME', '3.50', '6.00', '8.00', '', 'STARRY', 'TIENDA HEROINAS', 26),
(746, 'GENERICA', 'J7 ', '3.50', '6.00', '8.00', '', 'STARRY', 'TIENDA HEROINAS', 26),
(747, 'GENERICA', 'J7 PRIME', '3.50', '6.00', '8.00', '', 'STARRY', 'TIENDA HEROINAS', 26),
(748, 'GENERICA', 'J7 2016', '3.50', '6.00', '8.00', '', 'STARRY', 'TIENDA HEROINAS', 26),
(749, 'GENERICA', 'S3', '3.50', '6.00', '8.00', '', 'STARRY', 'TIENDA HEROINAS', 26),
(750, 'GENERICA', 'S4', '3.50', '6.00', '8.00', '', 'STARRY', 'TIENDA HEROINAS', 26),
(751, 'GENERICA', 'S5', '3.50', '6.00', '8.00', '', 'STARRY', 'TIENDA HEROINAS', 26),
(752, 'GENERICA', 'S6', '3.50', '6.00', '8.00', '', 'STARRY', 'TIENDA HEROINAS', 26),
(753, 'GENERICA', 'S6 EDGE', '3.50', '6.00', '8.00', '', 'STARRY', 'TIENDA HEROINAS', 26),
(754, 'GENERICA', 'S7', '3.50', '6.00', '8.00', '', 'STARRY', 'TIENDA HEROINAS', 26),
(755, 'GENERICA', 'XA', '3.50', '6.00', '8.00', '', 'STARRY', 'TIENDA HEROINAS', 26),
(756, 'GENERICA', 'XA ULTRA', '3.50', '6.00', '8.00', '', 'STARRY', 'TIENDA HEROINAS', 26),
(757, 'GENERICA', 'Z4', '3.50', '6.00', '8.00', '', 'STARRY', 'TIENDA HEROINAS', 26),
(758, 'GENERICA', 'IP5', '3.50', '6.00', '8.00', '', 'STARRY', 'TIENDA HEROINAS', 26),
(759, 'GENERICA', 'IP6', '3.50', '6.00', '8.00', '', 'STARRY', 'TIENDA HEROINAS', 26),
(760, 'GENERICA', 'IP6 PLUS', '3.50', '6.00', '8.00', '', 'STARRY', 'TIENDA HEROINAS', 26),
(761, 'GENERICA', 'IP7 PLUS', '3.50', '6.00', '8.00', '', 'STARRY', 'TIENDA HEROINAS', 26),
(762, 'GENERICA', 'NOTE 4', '3.50', '6.00', '8.00', '', 'STARRY', 'TIENDA HEROINAS', 26),
(763, 'GENERICA', 'NOTE 5', '3.50', '6.00', '8.00', '', 'STARRY', 'TIENDA HEROINAS', 26),
(764, 'GENERICA', 'P8 LITE', '3.50', '6.00', '8.00', '', 'STARRY', 'TIENDA HEROINAS', 26),
(765, 'GENERICA', 'P9 LITE', '3.50', '6.00', '8.00', '', 'STARRY', 'TIENDA HEROINAS', 26),
(766, 'GENERICA', 'Y5 II', '3.50', '6.00', '8.00', '', 'STARRY', 'TIENDA HEROINAS', 26),
(767, 'GENERICA', 'A3 2017', '6.00', '13.00', '15.00', '', 'STARRY', 'TIENDA HEROINAS', 72),
(768, 'GENERICA', 'XA', '6.00', '13.00', '15.00', '', 'STARRY', 'TIENDA HEROINAS', 72),
(769, 'GENERICA', 'S6 EDGE', '6.00', '13.00', '15.00', '', 'STARRY', 'TIENDA HEROINAS', 72),
(770, 'GENERICA', 'S7', '6.00', '13.00', '15.00', '', 'STARRY', 'TIENDA HEROINAS', 72),
(771, 'GENERICA', 'IP 5', '6.00', '13.00', '15.00', '', 'STARRY', 'TIENDA HEROINAS', 72),
(772, 'GENERICA', 'IP 6', '6.00', '13.00', '15.00', '', 'STARRY', 'TIENDA HEROINAS', 72),
(773, 'GENERICA', '6G PLUS', '6.00', '13.00', '15.00', '', 'STARRY', 'TIENDA HEROINAS', 72),
(774, 'GENERICA', 'IP 6 PLUS', '6.00', '13.00', '15.00', '', 'STARRY', 'TIENDA HEROINAS', 72),
(775, 'GENERICA', 'IP7', '6.00', '13.00', '15.00', '', 'STARRY', 'TIENDA HEROINAS', 72),
(776, 'GENERICA', 'IP7 PLUS', '6.00', '13.00', '15.00', '', 'STARRY', 'TIENDA HEROINAS', 72),
(777, 'Motomo', 'J5 PRIME', '5.00', '9.00', '13.00', '', 'STARRY', 'TIENDA HEROINAS', 65),
(778, 'Motomo', 'NOTE 5', '5.00', '9.00', '13.00', '', 'STARRY', 'TIENDA HEROINAS', 65),
(779, 'Motomo', 'IP7 PLUS', '5.00', '9.00', '13.00', '', 'STARRY', 'TIENDA HEROINAS', 65),
(780, 'Motomo', 'S6 EDGE', '5.00', '9.00', '13.00', '', 'STARRY', 'TIENDA HEROINAS', 65),
(781, 'Motomo', 'IP7', '5.00', '9.00', '13.00', '', 'STARRY', 'TIENDA HEROINAS', 65),
(782, 'GENERICA', 'J5 PRO', '8.00', '15.00', '18.00', '', 'STARRY', 'TIENDA HEROINAS', 73),
(783, 'GENERICA', 'J7 PRO', '8.00', '15.00', '18.00', '', 'STARRY', 'TIENDA HEROINAS', 73),
(784, 'GENERICA', 'A5 2017', '5.00', '8.00', '10.00', '', 'STARRY', 'TIENDA HEROINAS', 5),
(785, 'GENERICA', 'A7 2017', '5.00', '8.00', '10.00', '', 'STARRY', 'TIENDA HEROINAS', 5),
(786, 'GENERICA', 'J2 PRIME', '5.00', '8.00', '10.00', '', 'STARRY', 'TIENDA HEROINAS', 5),
(787, 'GENERICA', 'J7 PRIME', '5.00', '8.00', '10.00', '', 'STARRY', 'TIENDA HEROINAS', 5),
(788, 'GENERICA', 'IP6 ', '5.00', '8.00', '10.00', '', 'STARRY', 'TIENDA HEROINAS', 5),
(789, 'GENERICA', 'IP7', '5.00', '8.00', '10.00', '', 'STARRY', 'TIENDA HEROINAS', 5),
(790, 'GENERICA', 'S8', '5.00', '8.00', '10.00', '', 'STARRY', 'TIENDA HEROINAS', 5),
(791, 'GENERICA', 'S8 PLUS', '5.00', '8.00', '10.00', '', 'STARRY', 'TIENDA HEROINAS', 5),
(792, 'GENERICA', 'IP7 PLUS', '5.50', '8.00', '11.00', '', 'STARRY', 'TIENDA HEROINAS', 71),
(793, 'GENERICA', 'IP7', '5.50', '8.00', '11.00', '', 'STARRY', 'TIENDA HEROINAS', 71),
(794, 'GENERICA', 'S8', '5.50', '8.00', '11.00', '', 'STARRY', 'TIENDA HEROINAS', 71),
(795, 'GENERICA', 'S8 PLUS', '5.50', '8.00', '11.00', '', 'STARRY', 'TIENDA HEROINAS', 71),
(796, 'GENERICA', 'A520', '5.50', '8.00', '11.00', '', 'STARRY', 'TIENDA HEROINAS', 71),
(797, 'GENERICA', 'A7 2017', '5.50', '8.00', '11.00', '', 'STARRY', 'TIENDA HEROINAS', 71),
(798, 'GENERICA', 'P9 LITE', '5.50', '8.00', '11.00', '', 'STARRY', 'TIENDA HEROINAS', 71),
(799, 'GENERICA', 'MATE 9 ', '5.50', '8.00', '11.00', '', 'STARRY', 'TIENDA HEROINAS', 71),
(800, 'GENERICA', 'MATE 9 LITE', '5.50', '8.00', '11.00', '', 'STARRY', 'TIENDA HEROINAS', 71),
(801, 'GENERICA', 'S3', '8.00', '15.00', '20.00', '', 'STARRY', 'TIENDA HEROINAS', 66),
(802, 'GENERICA', 'IP4', '8.00', '15.00', '20.00', '', 'STARRY', 'TIENDA HEROINAS', 66),
(803, 'GENERICA', 'IP5', '8.00', '15.00', '20.00', '', 'STARRY', 'TIENDA HEROINAS', 66),
(804, 'GENERICA', 'S7 EDGE', '3.50', '6.00', '8.00', '', 'STARRY', 'TIENDA HEROINAS', 26),
(805, 'GENERICA', 'S6 EDGE GOLD', '6.00', '12.00', '15.00', '', 'STARRY', 'TIENDA HEROINAS', 20),
(806, 'GENERICA', 'S6 EDGE BLACK', '6.00', '12.00', '15.00', '', 'STARRY', 'TIENDA HEROINAS', 20),
(807, 'GENERICA', 'S6 EDGE BLUE ', '6.00', '12.00', '15.00', '', 'STARRY', 'TIENDA HEROINAS', 20),
(808, 'GENERICA', 'S6 EDGE WHITE ', '6.00', '12.00', '15.00', '', 'STARRY', 'TIENDA HEROINAS', 20),
(809, 'GENERICA', 'S6 EDGE CLEAR', '6.00', '12.00', '15.00', '', 'STARRY', 'TIENDA HEROINAS', 20),
(810, 'GENERICA', 'S6 EDGE PLUS GOLD', '6.00', '12.00', '15.00', '', 'STARRY', 'TIENDA HEROINAS', 20),
(811, 'GENERICA', 'S6 EDGE PLUS BLACK', '6.00', '12.00', '15.00', '', 'STARRY', 'TIENDA HEROINAS', 20),
(812, 'GENERICA', 'S6 EDGE PLUS BLUE', '6.00', '12.00', '15.00', '', 'STARRY', 'TIENDA HEROINAS', 20),
(813, 'GENERICA', 'S6 EDGE PLUS WHITE', '6.00', '12.00', '15.00', '', 'STARRY', 'TIENDA HEROINAS', 20),
(814, 'GENERICA', 'S6 EDGE PLUS CLEAR', '6.00', '12.00', '15.00', '', 'STARRY', 'TIENDA HEROINAS', 20),
(815, 'GENERICA', 'S7 EDGE GOLD', '6.00', '12.00', '15.00', '', 'STARRY', 'TIENDA HEROINAS', 20),
(816, 'GENERICA', 'S7 EDGE BLACK', '6.00', '12.00', '15.00', '', 'STARRY', 'TIENDA HEROINAS', 20),
(817, 'GENERICA', 'S7 EDGE BLUE', '6.00', '12.00', '15.00', '', 'STARRY', 'TIENDA HEROINAS', 20),
(818, 'GENERICA', 'S7 WHITE', '6.00', '12.00', '15.00', '', 'STARRY', 'TIENDA HEROINAS', 20),
(819, 'GENERICA', 'S7 EDGE  WHITE', '6.00', '12.00', '15.00', '', 'STARRY', 'TIENDA HEROINAS', 20),
(820, 'GENERICA', 'S7 EDGE CLEAR', '6.00', '12.00', '15.00', '', 'STARRY', 'TIENDA HEROINAS', 20),
(821, 'GENERICA', 'S8 PLUS GOLD', '6.00', '12.00', '15.00', '', 'STARRY', 'TIENDA HEROINAS', 20),
(822, 'GENERICA', 'S8 PLUS BLACK', '6.00', '12.00', '15.00', '', 'STARRY', 'TIENDA HEROINAS', 20),
(823, 'GENERICA', 'S8 PLUS BLUE', '6.00', '12.00', '15.00', '', 'STARRY', 'TIENDA HEROINAS', 20),
(824, 'GENERICA', 'S8 PLUS WHITE ', '6.00', '12.00', '15.00', '', 'STARRY', 'TIENDA HEROINAS', 20),
(825, 'GENERICA', 'S8 PLUS CLEAR', '6.00', '12.00', '15.00', '', 'STARRY', 'TIENDA HEROINAS', 2),
(826, 'GENERICA', 'S8 GOLD', '6.00', '12.00', '15.00', '', 'STARRY', 'TIENDA HEROINAS', 20),
(827, 'GENERICA', 'S8 BLACK', '6.00', '12.00', '15.00', '', 'STARRY', 'TIENDA HEROINAS', 20),
(828, 'GENERICA', 'S8 BLUE', '6.00', '12.00', '15.00', '', 'STARRY', 'TIENDA HEROINAS', 20),
(829, 'GENERICA', 'S8 WHITE', '6.00', '12.00', '15.00', '', 'STARRY', 'TIENDA HEROINAS', 20),
(830, 'GENERICA', 'S8 CLEAR', '6.00', '12.00', '15.00', '', 'STARRY', 'TIENDA HEROINAS', 20),
(831, 'GENERICA', 'NOTE 8 GOLD', '6.00', '12.00', '15.00', '', 'STARRY', 'TIENDA HEROINAS', 20),
(832, 'GENERICA', 'NOTE 8 BLACK ', '6.00', '12.00', '15.00', '', 'STARRY', 'TIENDA HEROINAS', 20),
(833, 'GENERICA', 'NOTE 8 BLUE', '6.00', '12.00', '15.00', '', 'STARRY', 'TIENDA HEROINAS', 20),
(834, 'GENERICA', 'NOTE 8 WHITE', '6.00', '12.00', '15.00', '', 'STARRY', 'TIENDA HEROINAS', 20),
(835, 'GENERICA', 'NOTE 8 CLEAR', '6.00', '12.00', '15.00', '', 'STARRY', 'TIENDA HEROINAS', 20),
(836, 'GENERICA', 'NOTE 7 GOLD', '6.00', '12.00', '15.00', '', 'STARRY', 'TIENDA HEROINAS', 20),
(837, 'GENERICA', 'NOTE 7 BLACK', '6.00', '12.00', '15.00', '', 'STARRY', 'TIENDA HEROINAS', 20),
(838, 'GENERICA', 'NOTE 7 BLUE ', '6.00', '12.00', '15.00', '', 'STARRY', 'TIENDA HEROINAS', 20),
(839, 'GENERICA', 'NOTE 7 WHITE', '6.00', '12.00', '15.00', '', 'STARRY', 'TIENDA HEROINAS', 20),
(840, 'GENERICA', 'NOTE 7 CLEAR', '6.00', '12.00', '15.00', '', 'STARRY', 'TIENDA HEROINAS', 20),
(990, 'Samsung', 'S2', '1.50', '2.30', '3.00', '', 'JACKY', 'TIENDA TERMINAL', 2),
(991, 'Samsung', 'S3', '1.50', '2.30', '3.00', '', 'STARRY', 'TIENDA TERMINAL', 2),
(992, 'Samsung', 'S3 MINI', '1.50', '2.30', '3.00', '', 'STARRY', 'TIENDA TERMINAL', 2),
(993, 'Samsung', 'S4', '1.50', '2.30', '3.00', '', 'STARRY', 'TIENDA TERMINAL', 2),
(994, 'Samsung', 'S4 MINI', '1.50', '2.30', '3.00', '', 'STARRY', 'TIENDA TERMINAL', 2),
(995, 'Samsung', 'S5', '1.50', '2.30', '3.00', '', 'STARRY', 'TIENDA TERMINAL', 2),
(996, 'Samsung', 'S5 MINI', '1.50', '2.30', '3.00', '', 'STARRY', 'TIENDA TERMINAL', 2),
(997, 'Samsung', 'S6', '1.50', '2.30', '3.00', '', 'STARRY', 'TIENDA TERMINAL', 2),
(998, 'Samsung', 'S7', '1.50', '2.30', '3.00', '', 'STARRY', 'TIENDA TERMINAL', 2),
(999, 'Samsung', 'J1 MINI PRIME', '1.50', '2.30', '3.00', '', 'STARRY', 'TIENDA TERMINAL', 2),
(1000, 'Samsung', 'J1 ACE', '1.50', '2.30', '3.00', '', 'STARRY', 'TIENDA TERMINAL', 2),
(1001, 'Samsung', 'J2', '1.50', '2.30', '3.00', '', 'STARRY', 'TIENDA TERMINAL', 2),
(1002, 'Samsung', 'J2 PRIME', '1.50', '2.30', '3.00', '', 'STARRY', 'TIENDA TERMINAL', 2),
(1003, 'Samsung', 'J3-2015', '1.50', '2.30', '3.00', '', 'STARRY', 'TIENDA TERMINAL', 2),
(1004, 'Samsung', 'J3-2017', '1.50', '2.30', '3.00', '', 'STARRY', 'TIENDA TERMINAL', 2),
(1005, 'Samsung', 'J4-2018', '1.50', '2.30', '3.00', '', 'STARRY', 'TIENDA TERMINAL', 2),
(1006, 'Samsung', 'J5-2015', '1.50', '2.30', '3.00', '', 'STARRY', 'TIENDA TERMINAL', 2),
(1007, 'Samsung', 'J5-2016', '1.50', '2.30', '3.00', '', 'STARRY', 'TIENDA TERMINAL', 2),
(1008, 'Samsung', 'J5 PRIME', '1.50', '2.30', '3.00', '', 'STARRY', 'TIENDA TERMINAL', 2),
(1009, 'Samsung', 'J5-PRO', '1.50', '2.30', '3.00', '', 'STARRY', 'TIENDA TERMINAL', 2),
(1010, 'Samsung', 'J7 2015', '1.50', '2.30', '3.00', '', 'STARRY', 'TIENDA TERMINAL', 2),
(1011, 'Samsung', 'J7 2016', '1.50', '2.30', '3.00', '', 'STARRY', 'TIENDA TERMINAL', 2),
(1012, 'Samsung', 'J7 PRIME', '1.50', '2.30', '3.00', '', 'STARRY', 'TIENDA TERMINAL', 2),
(1013, 'Samsung', 'J7 PRO', '1.50', '2.30', '3.00', '', 'STARRY', 'TIENDA TERMINAL', 2),
(1014, 'Samsung', 'J7 NEO', '1.50', '2.30', '3.00', '', 'STARRY', 'TIENDA TERMINAL', 2),
(1015, 'Samsung', 'A3 2017', '1.50', '2.30', '3.00', '', 'STARRY', 'TIENDA TERMINAL', 2),
(1016, 'Samsung', 'A 310', '1.50', '2.30', '3.00', '', 'STARRY', 'TIENDA TERMINAL', 2),
(1017, 'Samsung', 'A3 2017 BLACK', '1.50', '2.30', '3.00', '', 'STARRY', 'TIENDA TERMINAL', 2),
(1018, 'Samsung', 'A3 2017 GOLD', '1.50', '2.30', '3.00', '', 'STARRY', 'TIENDA TERMINAL', 2),
(1019, 'Samsung', 'A5 2017', '1.50', '2.30', '3.00', '', 'STARRY', 'TIENDA TERMINAL', 2),
(1020, 'Samsung', 'A5 2017 GOLD', '1.50', '2.30', '3.00', '', 'STARRY', 'TIENDA TERMINAL', 2),
(1021, 'Samsung', 'A5 2017 BLACK', '1.50', '2.30', '3.00', '', 'STARRY', 'TIENDA TERMINAL', 2),
(1022, 'Samsung', 'A7 2017', '1.50', '2.30', '3.00', '', 'STARRY', 'TIENDA TERMINAL', 2),
(1023, 'Samsung', 'A7 2017 BLACK ', '1.50', '2.30', '3.00', '', 'STARRY', 'TIENDA TERMINAL', 2),
(1024, 'Samsung', 'A7 2017 GOLD', '1.50', '2.30', '3.00', '', 'STARRY', 'TIENDA TERMINAL', 2),
(1025, 'Samsung', 'A8', '1.50', '2.30', '3.00', '', 'STARRY', 'TIENDA TERMINAL', 2),
(1026, 'Samsung', 'A9', '1.50', '2.30', '3.00', '', 'STARRY', 'TIENDA TERMINAL', 2),
(1027, 'Samsung', 'A915', '1.50', '2.30', '3.00', '', 'STARRY', 'TIENDA TERMINAL', 2),
(1028, 'Samsung', 'NOTE 2', '1.50', '2.30', '3.00', '', 'STARRY', 'TIENDA TERMINAL', 2),
(1029, 'Samsung', 'NOTE 3', '1.50', '2.30', '3.00', '', 'STARRY', 'TIENDA TERMINAL', 2),
(1030, 'Samsung', 'NOTE 4', '1.50', '2.30', '3.00', '', 'STARRY', 'TIENDA TERMINAL', 2),
(1031, 'Samsung', 'NOTE 5', '1.50', '2.30', '3.00', '', 'STARRY', 'TIENDA TERMINAL', 2),
(1032, 'Samsung', 'NOTE 4 EDGE', '1.50', '2.30', '3.00', '', 'STARRY', 'TIENDA TERMINAL', 2),
(1033, 'Samsung', 'CORE 2', '1.50', '2.30', '3.00', '', 'STARRY', 'TIENDA TERMINAL', 2),
(1034, 'Samsung', 'CORE 8260', '1.50', '2.30', '3.00', '', 'STARRY', 'TIENDA TERMINAL', 2),
(1035, 'Samsung', 'GRAND DUOS', '1.50', '2.30', '3.00', '', 'STARRY', 'TIENDA TERMINAL', 2),
(1036, 'Samsung', 'POCKET 2', '1.50', '2.30', '3.00', '', 'STARRY', 'TIENDA TERMINAL', 2),
(1037, 'Samsung', 'ACE', '1.50', '2.30', '3.00', '', 'STARRY', 'TIENDA TERMINAL', 2),
(1038, 'Samsung', 'ACE 4', '1.50', '2.30', '3.00', '', 'STARRY', 'TIENDA TERMINAL', 2),
(1039, 'Samsung', 'ON 5', '1.50', '2.30', '3.00', '', 'STARRY', 'TIENDA TERMINAL', 2),
(1040, 'Huawei', 'GR3 BLACK', '1.50', '2.30', '3.00', '', 'STARRY', 'TIENDA TERMINAL', 2),
(1041, 'Huawei', 'GR3 GOLD', '1.50', '2.30', '3.00', '', 'STARRY', 'TIENDA TERMINAL', 2),
(1042, 'Huawei', 'GR5 2017 BLACK', '1.50', '2.30', '3.00', '', 'STARRY', 'TIENDA TERMINAL', 2),
(1043, 'Huawei', 'GR5 2017 GOLD', '1.50', '2.30', '3.00', '', 'STARRY', 'TIENDA TERMINAL', 2),
(1044, 'Huawei', 'Y3 ', '1.50', '2.30', '3.00', '', 'STARRY', 'TIENDA TERMINAL', 2),
(1045, 'Huawei', 'Y3 II', '1.50', '2.30', '3.00', '', 'STARRY', 'TIENDA TERMINAL', 2),
(1046, 'Huawei', 'Y3 2017', '1.50', '2.30', '3.00', '', 'STARRY', 'TIENDA TERMINAL', 2),
(1047, 'Huawei', 'Y3 II 2017', '1.50', '2.30', '3.00', '', 'STARRY', 'TIENDA TERMINAL', 2),
(1048, 'Huawei', 'Y360', '1.50', '2.30', '3.00', '', 'STARRY', 'TIENDA TERMINAL', 2),
(1049, 'Huawei', 'Y530', '1.50', '2.30', '3.00', '', 'STARRY', 'TIENDA TERMINAL', 2),
(1050, 'Huawei', 'Y5', '1.50', '2.30', '3.00', '', 'STARRY', 'TIENDA TERMINAL', 2),
(1051, 'Huawei', 'Y5 II', '1.50', '2.30', '3.00', '', 'STARRY', 'TIENDA TERMINAL', 2),
(1052, 'Huawei', 'Y5 II 2017', '1.50', '2.30', '3.00', '', 'STARRY', 'TIENDA TERMINAL', 2),
(1053, 'Huawei', 'Y6 II ', '1.50', '2.30', '3.00', '', 'STARRY', 'TIENDA TERMINAL', 2),
(1054, 'Huawei', 'Y6 II 2017', '1.50', '2.30', '3.00', '', 'STARRY', 'TIENDA TERMINAL', 2),
(1055, 'Huawei', 'Y7 PRIME ', '1.50', '2.30', '3.00', '', 'STARRY', 'TIENDA TERMINAL', 2),
(1056, 'Huawei', 'Y6 2017', '1.50', '2.30', '3.00', '', 'STARRY', 'TIENDA TERMINAL', 2),
(1057, 'Huawei', 'MATE 7', '1.50', '2.30', '3.00', '', 'STARRY', 'TIENDA TERMINAL', 2),
(1058, 'Huawei', 'MATE 8', '1.50', '2.30', '3.00', '', 'STARRY', 'TIENDA TERMINAL', 2),
(1059, 'Huawei', 'MATE 9 LITE', '1.50', '2.30', '3.00', '', 'STARRY', 'TIENDA TERMINAL', 2),
(1060, 'Huawei', 'MATE 10', '1.50', '2.30', '3.00', '', 'STARRY', 'TIENDA TERMINAL', 2),
(1061, 'Huawei', 'MATE S', '1.50', '2.30', '3.00', '', 'STARRY', 'TIENDA TERMINAL', 2),
(1062, 'Huawei', 'P8 LITE', '1.50', '2.30', '3.00', '', 'STARRY', 'TIENDA TERMINAL', 2),
(1063, 'Huawei', 'P8 LITE  2017', '1.50', '2.30', '3.00', '', 'STARRY', 'TIENDA TERMINAL', 2),
(1064, 'Huawei', 'P9 ', '1.50', '2.30', '3.00', '', 'STARRY', 'TIENDA TERMINAL', 2),
(1065, 'Huawei', 'P9 LITE', '1.50', '2.30', '3.00', '', 'STARRY', 'TIENDA TERMINAL', 2),
(1066, 'Huawei', 'P9 PLUS', '1.50', '2.30', '3.00', '', 'STARRY', 'TIENDA TERMINAL', 2),
(1067, 'Huawei', 'P9 LITE SMART', '1.50', '2.30', '3.00', '', 'STARRY', 'TIENDA TERMINAL', 2),
(1068, 'Huawei', 'P9 LITE MINI', '1.50', '2.30', '3.00', '', 'STARRY', 'TIENDA TERMINAL', 2),
(1069, 'Huawei', 'P10', '1.50', '2.30', '3.00', '', 'STARRY', 'TIENDA TERMINAL', 2),
(1070, 'Huawei', 'P10 PLUS', '1.50', '2.30', '3.00', '', 'STARRY', 'TIENDA TERMINAL', 2),
(1071, 'Huawei', 'P10 PLUS GOLD', '1.50', '2.30', '3.00', '', 'STARRY', 'TIENDA TERMINAL', 2),
(1072, 'Huawei', 'P10 PLUS BLACK', '1.50', '2.30', '3.00', '', 'STARRY', 'TIENDA TERMINAL', 2),
(1073, 'Huawei', 'P10 BLACK', '1.50', '2.30', '3.00', '', 'STARRY', 'TIENDA TERMINAL', 2),
(1074, 'Huawei', 'P10 GOLD', '1.50', '2.30', '3.00', '', 'STARRY', 'TIENDA TERMINAL', 2),
(1075, 'Huawei', 'NOVA PLUS', '1.50', '2.30', '3.00', '', 'STARRY', 'TIENDA TERMINAL', 2),
(1076, 'Huawei', 'G PLAY ', '1.50', '2.30', '3.00', '', 'STARRY', 'TIENDA TERMINAL', 2),
(1077, 'Huawei', 'G PLAY MINI', '1.50', '2.30', '3.00', '', 'STARRY', 'TIENDA TERMINAL', 2),
(1078, 'Sony', 'XA ULTRA', '1.50', '2.30', '3.00', '', 'STARRY', 'TIENDA TERMINAL', 2),
(1079, 'Sony', 'SONY X', '1.50', '2.30', '3.00', '', 'STARRY', 'TIENDA TERMINAL', 2),
(1080, 'Sony', 'SONY Z', '1.50', '2.30', '3.00', '', 'STARRY', 'TIENDA TERMINAL', 2),
(1081, 'Sony', 'SONY C5', '1.50', '2.30', '3.00', '', 'STARRY', 'TIENDA TERMINAL', 2),
(1082, 'Sony', 'SONY C3', '1.50', '2.30', '3.00', '', 'STARRY', 'TIENDA TERMINAL', 2),
(1083, 'Sony', 'Z1 BACK', '1.50', '2.30', '3.00', '', 'STARRY', 'TIENDA TERMINAL', 2),
(1084, 'Sony', 'Z1 MINI', '1.50', '2.30', '3.00', '', 'STARRY', 'TIENDA TERMINAL', 2),
(1085, 'Sony', 'Z2', '1.50', '2.30', '3.00', '', 'STARRY', 'TIENDA TERMINAL', 2),
(1086, 'Sony', 'Z2 BACK', '1.50', '2.30', '3.00', '', 'STARRY', 'TIENDA TERMINAL', 2),
(1087, 'Sony', 'Z5 PREMIUM PLUS', '1.50', '2.30', '3.00', '', 'STARRY', 'TIENDA TERMINAL', 2),
(1088, 'Sony', 'Z3 MINI', '1.50', '2.30', '3.00', '', 'STARRY', 'TIENDA TERMINAL', 2),
(1089, 'Sony', 'Z4', '1.50', '2.30', '3.00', '', 'STARRY', 'TIENDA TERMINAL', 2),
(1090, 'Sony', 'Z4 BLACK', '1.50', '2.30', '3.00', '', 'STARRY', 'TIENDA TERMINAL', 2),
(1091, 'Sony', 'Z5 ', '1.50', '2.30', '3.00', '', 'STARRY', 'TIENDA TERMINAL', 2),
(1092, 'Sony', 'Z5 BACK', '1.50', '2.30', '3.00', '', 'STARRY', 'TIENDA TERMINAL', 2),
(1093, 'Sony', 'Z5 PLUS', '1.50', '2.30', '3.00', '', 'STARRY', 'TIENDA TERMINAL', 2),
(1094, 'Sony', 'Z5 PREMIUM', '1.50', '2.30', '3.00', '', 'STARRY', 'TIENDA TERMINAL', 2),
(1095, 'Sony', 'Z5 ULTRA', '1.50', '2.30', '3.00', '', 'STARRY', 'TIENDA TERMINAL', 2),
(1096, 'Sony', 'Z4 MINI', '1.50', '2.30', '3.00', '', 'STARRY', 'TIENDA TERMINAL', 2),
(1097, 'Sony', 'M4 AQUA', '1.50', '2.30', '3.00', '', 'STARRY', 'TIENDA TERMINAL', 2),
(1098, 'Sony', 'XA', '1.50', '2.30', '3.00', '', 'STARRY', 'TIENDA TERMINAL', 2),
(1099, 'Sony', 'XZP', '1.50', '2.30', '3.00', '', 'STARRY', 'TIENDA TERMINAL', 2),
(1100, 'HTC', 'M4', '1.50', '2.30', '3.00', '', 'STARRY', 'TIENDA TERMINAL', 2),
(1101, 'HTC', 'M5', '1.50', '2.30', '3.00', '', 'STARRY', 'TIENDA TERMINAL', 2),
(1102, 'HTC', 'M7', '1.50', '2.30', '3.00', '', 'STARRY', 'TIENDA TERMINAL', 2),
(1103, 'HTC', 'M8', '1.50', '2.30', '3.00', '', 'STARRY', 'TIENDA TERMINAL', 2),
(1104, 'HTC', 'M9', '1.50', '2.30', '3.00', '', 'STARRY', 'TIENDA TERMINAL', 2),
(1105, 'HTC', 'M9 PLUS', '1.50', '2.30', '3.00', '', 'STARRY', 'TIENDA TERMINAL', 2),
(1106, 'HTC', 'M10', '1.50', '2.30', '3.00', '', 'STARRY', 'TIENDA TERMINAL', 2),
(1107, 'HTC', 'HTC626', '1.50', '2.30', '3.00', '', 'STARRY', 'TIENDA TERMINAL', 2),
(1108, 'Samsung', 'J6 2018', '1.50', '2.30', '3.00', '', 'STARRY', 'TIENDA TERMINAL', 2),
(1109, 'Samsung', 'J8 2018', '1.50', '2.30', '3.00', '', 'STARRY', 'TIENDA TERMINAL', 2),
(1110, 'Huawei', 'P20', '1.50', '2.30', '3.00', '', 'STARRY', 'TIENDA TERMINAL', 2),
(1111, 'Huawei', 'P20 LITE', '1.50', '2.30', '3.00', '', 'STARRY', 'TIENDA TERMINAL', 2),
(1112, 'Huawei', 'P20 PRO', '1.50', '2.30', '3.00', '', 'STARRY', 'TIENDA TERMINAL', 2),
(1113, 'Huawei', 'Mate 10', '1.50', '2.30', '3.00', '', 'STARRY', 'TIENDA TERMINAL', 2),
(1114, 'Huawei', 'MATE 10 LITE', '1.50', '2.30', '3.00', '', 'STARRY', 'TIENDA TERMINAL', 2),
(1115, 'Huawei', 'MATE 10 PRO', '1.50', '2.30', '3.00', '', 'STARRY', 'TIENDA TERMINAL', 2),
(1116, 'LG', 'K3 2017', '1.50', '2.30', '3.00', '', 'STARRY', 'TIENDA TERMINAL', 2),
(1117, 'LG', 'K4 2017', '1.50', '2.30', '3.00', '', 'STARRY', 'TIENDA TERMINAL', 2),
(1118, 'LG', 'K5', '1.50', '2.30', '3.00', '', 'STARRY', 'TIENDA TERMINAL', 2),
(1119, 'LG', 'K7', '1.50', '2.30', '3.00', '', 'STARRY', 'TIENDA TERMINAL', 2),
(1120, 'LG', 'K8', '1.50', '2.30', '3.00', '', 'STARRY', 'TIENDA TERMINAL', 2),
(1121, 'LG', 'K8 2017', '1.50', '2.30', '3.00', '', 'STARRY', 'TIENDA TERMINAL', 2),
(1122, 'LG', 'K10 2017', '1.50', '2.30', '3.00', '', 'STARRY', 'TIENDA TERMINAL', 2),
(1123, 'LG', 'K10', '1.50', '2.30', '3.00', '', 'STARRY', 'TIENDA TERMINAL', 2),
(1124, 'LG', 'G2', '1.50', '2.30', '3.00', '', 'STARRY', 'TIENDA TERMINAL', 2),
(1125, 'LG', 'G2 MINI', '1.50', '2.30', '3.00', '', 'STARRY', 'TIENDA TERMINAL', 2),
(1126, 'LG', 'G3 STYLUS', '1.50', '2.30', '3.00', '', 'STARRY', 'TIENDA TERMINAL', 2),
(1127, 'LG', 'G4', '1.50', '2.30', '3.00', '', 'STARRY', 'TIENDA TERMINAL', 2),
(1128, 'LG', 'G4 STYLUS', '1.50', '2.30', '3.00', '', 'STARRY', 'TIENDA TERMINAL', 2),
(1129, 'LG', 'G5', '1.50', '2.30', '3.00', '', 'STARRY', 'TIENDA TERMINAL', 2),
(1130, 'LG', 'G6', '1.50', '2.30', '3.00', '', 'STARRY', 'TIENDA TERMINAL', 2),
(1131, 'LG', 'G4 PLUS', '1.50', '2.30', '3.00', '', 'STARRY', 'TIENDA TERMINAL', 2),
(1132, 'LG', 'SPIRIT', '1.50', '2.30', '3.00', '', 'STARRY', 'TIENDA TERMINAL', 2),
(1133, 'LG', 'LEON', '1.50', '2.30', '3.00', '', 'STARRY', 'TIENDA TERMINAL', 2),
(1134, 'LG', 'MAGNA', '1.50', '2.30', '3.00', '', 'STARRY', 'TIENDA TERMINAL', 2),
(1135, 'Apple', 'IP X', '1.50', '2.30', '3.00', '', 'STARRY', 'TIENDA TERMINAL', 2),
(1136, 'Apple', 'IP5', '1.50', '2.30', '3.00', '', 'STARRY', 'TIENDA TERMINAL', 2),
(1137, 'Apple', 'IP6', '1.50', '2.30', '3.00', '', 'STARRY', 'TIENDA TERMINAL', 2),
(1138, 'Apple', 'IP6 PLUS', '1.50', '2.30', '3.00', '', 'STARRY', 'TIENDA TERMINAL', 2),
(1139, 'Apple', 'IP6 BACK', '1.50', '2.30', '3.00', '', 'STARRY', 'TIENDA TERMINAL', 2),
(1140, 'Apple', 'IP7', '1.50', '2.30', '3.00', '', 'STARRY', 'TIENDA TERMINAL', 2),
(1141, 'Apple', 'IP7 PLUS', '1.50', '2.30', '3.00', '', 'STARRY', 'TIENDA TERMINAL', 2),
(1142, 'Motorola', 'MOTO X4', '1.50', '2.30', '3.00', '', 'STARRY', 'TIENDA TERMINAL', 2),
(1143, 'Motorola', 'MOTO E4', '1.50', '2.30', '3.00', '', 'STARRY', 'TIENDA TERMINAL', 2),
(1144, 'Motorola', 'MOTO C ', '1.50', '2.30', '3.00', '', 'STARRY', 'TIENDA TERMINAL', 2),
(1145, 'Motorola', 'MOTO G5', '1.50', '2.30', '3.00', '', 'STARRY', 'TIENDA TERMINAL', 2),
(1146, 'Motorola', 'MOTO G5S PLUS', '1.50', '2.30', '3.00', '', 'STARRY', 'TIENDA TERMINAL', 2),
(1147, 'Motorola', 'MOTO X', '1.50', '2.30', '3.00', '', 'STARRY', 'TIENDA TERMINAL', 2),
(1148, 'Motorola', 'G510', '1.50', '2.30', '3.00', '', 'STARRY', 'TIENDA TERMINAL', 2),
(1149, 'Samsung', 'SAM M MahahSUNG S3 MINI - EB425161LU', '0.00', '0.00', '0.00', '', 'JACKY', 'TIENDA TERMINAL', 33),
(1150, 'Samsung', 'SAMSUNG S3 - EB-L1G6LLA', '0.00', '0.00', '0.00', '', 'JACKY', 'TIENDA TERMINAL', 34),
(1151, 'Samsung', 'SAMSUNG S4 MINI - B500AE', '0.00', '0.00', '0.00', '', 'JACKY', 'TIENDA TERMINAL', 35),
(1152, 'Samsung', 'SAMSUNG S4 - B600BE', '0.00', '0.00', '0.00', '', 'JACKY', 'TIENDA TERMINAL', 36),
(1153, 'Samsung', 'SAMSUNG S5 - EB-BG800CBE', '0.00', '0.00', '0.00', '', 'JACKY', 'TIENDA TERMINAL', 37),
(1154, 'Samsung', 'SAMSUNG S2 - EB-F1A2GBU', '0.00', '0.00', '0.00', '', 'JACKY', 'TIENDA TERMINAL', 38),
(1155, 'Samsung', 'SAMSUNG NOTE 3  - B800BE', '0.00', '0.00', '0.00', '', 'JACKY', 'TIENDA TERMINAL', 2),
(1156, 'Samsung', 'SAMSUNG NOTE 4 - EB-BN910BBE', '0.00', '0.00', '0.00', '', 'JACKY', 'TIENDA TERMINAL', 37),
(1157, 'Samsung', 'SAMSUNG CORE II - G355 - EB585157LU', '0.00', '0.00', '0.00', '', 'JACKY', 'TIENDA TERMINAL', 40),
(1158, 'Samsung', 'SAMSUNG CORE PRIME - EB-BG360BBE', '0.00', '0.00', '0.00', '', 'JACKY', 'TIENDA TERMINAL', 40),
(1159, 'Samsung', 'SAMSUNG GRAND PRIME / J2 PRIME - EB-BG530BBC', '0.00', '0.00', '0.00', '', 'JACKY', 'TIENDA TERMINAL', 40),
(1160, 'Samsung', 'SAMSUNG J1 - EB-BJ100CBE', '0.00', '0.00', '0.00', '', 'JACKY', 'TIENDA TERMINAL', 41),
(1161, 'Samsung', 'SAMSUNG J1 ACE - EB-BJ110ABE', '0.00', '0.00', '0.00', '', 'JACKY', 'TIENDA TERMINAL', 42),
(1162, 'Samsung', 'SAMSUNG ACE S5830 - EB494358VU', '0.00', '0.00', '0.00', '', 'JACKY', 'TIENDA TERMINAL', 43),
(1163, 'Samsung', 'SAMSUNG J7-2015 - EB-BJ700BBC', '0.00', '0.00', '0.00', '', 'JACKY', 'TIENDA TERMINAL', 48),
(1164, 'Samsung', 'SAMSUNG J5 - 2015 - EB-BG530BBC', '0.00', '0.00', '0.00', '', 'JACKY', 'TIENDA TERMINAL', 36),
(1165, 'Samsung', 'SAMSUNG J7 (2016) - EB - BJ710CBE', '0.00', '0.00', '0.00', '', 'JACKY', 'TIENDA TERMINAL', 44),
(1166, 'Samsung', 'SAMSUNG J5 (2016) - EB-BJ510CBE', '0.00', '0.00', '0.00', '', 'JACKY', 'TIENDA TERMINAL', 45),
(1167, 'Samsung', 'SAMSUNG J7 PRIME', '0.00', '0.00', '0.00', '', 'JACKY', 'TIENDA TERMINAL', 44),
(1168, 'Samsung', 'SAMSUNG J5 PRIME', '0.00', '0.00', '0.00', '', 'STARRY', 'TIENDA TERMINAL', 46),
(1169, 'Samsung', 'SAMSUNG S8 PLUS', '0.00', '0.00', '0.00', '', 'JACKY', 'TIENDA TERMINAL', 47),
(1170, 'Samsung', 'SAMSUNG S8', '0.00', '0.00', '0.00', '', 'JACKY', 'TIENDA TERMINAL', 48),
(1171, 'Samsung', 'SAMSUNG ACE 4 - EB-BG313BBE', '0.00', '0.00', '0.00', '', 'JACKY', 'TIENDA TERMINAL', 33),
(1172, 'Samsung', 'SAMSUNG S6 EDGE', '0.00', '0.00', '0.00', '', 'JACKY', 'TIENDA TERMINAL', 36),
(1173, 'Samsung', 'SAMSUNG S7 EDGE', '0.00', '0.00', '0.00', '', 'JACKY', 'TIENDA TERMINAL', 50),
(1174, 'Samsung', 'SAMSUNG GRAND NEO - EB535163LU', '0.00', '0.00', '0.00', '', 'JACKY', 'TIENDA TERMINAL', 34),
(1175, 'Samsung', 'SAMSUNG POCKET - EB 454353VA', '0.00', '0.00', '0.00', '', 'JACKY', 'TIENDA TERMINAL', 51),
(1176, 'Samsung', 'REAL FAST', '0.00', '0.00', '0.00', '', 'JACKY', 'TIENDA TERMINAL', 52),
(1177, 'Samsung', 'D5 REAL FAST', '0.00', '0.00', '0.00', '', 'JACKY', 'TIENDA TERMINAL', 52),
(1178, 'Samsung', 'COPY FAST CHARGER', '0.00', '0.00', '0.00', '', 'JACKY', 'TIENDA TERMINAL', 52),
(1179, 'Huawei', 'P9 ', '0.00', '0.00', '0.00', '', 'JACKY', 'TIENDA TERMINAL', 56),
(1180, 'Xiaomi', 'Xiaomi', '0.00', '0.00', '0.00', '', 'JACKY', 'TIENDA TERMINAL', 60),
(1181, 'Samsung', 'CHEAP SAMSUNG CHARGER WITH PACKING AND USB', '0.00', '0.00', '0.00', '', 'JACKY', 'TIENDA TERMINAL', 17),
(1182, 'Samsung', 'V8 -AAA', '0.00', '0.00', '0.00', '', 'JACKY', 'TIENDA TERMINAL', 61),
(1183, 'GENERICA', 'Tipo C - V8 - iphone ', '0.00', '0.00', '0.00', '', 'JACKY', 'TIENDA TERMINAL', 62),
(1184, 'Samsung', 'Samsung -caja logo especial', '0.00', '0.00', '0.00', '', 'JACKY', 'TIENDA TERMINAL', 52),
(1185, 'Huawei', 'Huawei 2A', '0.00', '0.00', '0.00', '', 'JACKY', 'TIENDA TERMINAL', 64),
(1186, 'Samsung', 'J2 PRIME GOLD', '1.50', '2.30', '3.00', '', 'JACKY', 'TIENDA TERMINAL', 2),
(1187, 'Samsung', 'J2 PRIME BLACK', '1.50', '2.30', '3.00', '', 'JACKY', 'TIENDA TERMINAL', 2),
(1188, 'Sony', 'T2 Ultra', '1.50', '2.30', '3.00', '', 'JACKY', 'TIENDA TERMINAL', 2),
(1189, 'LG', 'Bello', '1.50', '2.30', '3.00', '', 'JACKY', 'TIENDA TERMINAL', 2),
(1190, 'Motorola', 'Moto  E4 Plus', '1.50', '2.30', '3.00', '', 'STARRY', 'TIENDA TERMINAL', 2),
(1191, 'Motorola', 'G5 PLUS', '1.50', '2.30', '3.00', '', 'STARRY', 'TIENDA TERMINAL', 2),
(1192, 'Sony', 'Z MINI', '1.50', '2.30', '3.00', '', 'JACKY', 'TIENDA TERMINAL', 2),
(1193, 'Sony', 'K4', '1.50', '2.30', '3.00', '', 'JACKY', 'TIENDA TERMINAL', 2),
(1194, 'GENERICA', 'J1', '8.00', '15.00', '20.00', '', 'STARRY', 'TIENDA TERMINAL', 66),
(1195, 'GENERICA', 'J2 PRIME', '8.00', '15.00', '20.00', '', 'STARRY', 'TIENDA TERMINAL', 66),
(1196, 'GENERICA', 'S3', '8.00', '15.00', '20.00', '', 'STARRY', 'TIENDA TERMINAL', 2),
(1197, 'GENERICA', 'S3 MINI', '8.00', '15.00', '20.00', '', 'STARRY', 'TIENDA TERMINAL', 66),
(1198, 'GENERICA', 'S4', '8.00', '15.00', '20.00', '', 'STARRY', 'TIENDA TERMINAL', 66),
(1199, 'GENERICA', 'S4 MINI', '8.00', '15.00', '20.00', '', 'STARRY', 'TIENDA TERMINAL', 66),
(1200, 'GENERICA', 'S5', '8.00', '15.00', '20.00', '', 'STARRY', 'TIENDA TERMINAL', 66),
(1201, 'GENERICA', 'S5 MINI', '8.00', '15.00', '20.00', '', 'STARRY', 'TIENDA TERMINAL', 66),
(1202, 'GENERICA', 'C3', '8.00', '15.00', '20.00', '', 'STARRY', 'TIENDA TERMINAL', 66),
(1203, 'GENERICA', 'C5', '8.00', '15.00', '20.00', '', 'STARRY', 'TIENDA TERMINAL', 66),
(1204, 'GENERICA', 'C7', '8.00', '15.00', '20.00', '', 'STARRY', 'TIENDA TERMINAL', 66),
(1205, 'GENERICA', 'C9', '8.00', '15.00', '20.00', '', 'STARRY', 'TIENDA TERMINAL', 66),
(1206, 'GENERICA', 'G360', '8.00', '15.00', '20.00', '', 'STARRY', 'TIENDA TERMINAL', 66),
(1207, 'GENERICA', 'IP4', '8.00', '15.00', '20.00', '', 'STARRY', 'TIENDA TERMINAL', 2),
(1208, 'GENERICA', '8', '15.00', '20.00', '0.00', '', 'STARRY', 'TIENDA TERMINAL', 66),
(1209, 'GENERICA', 'NOTE 4', '8.00', '15.00', '20.00', '', 'STARRY', 'TIENDA TERMINAL', 66),
(1210, 'GENERICA', 'NOTE 3', '8.00', '15.00', '20.00', '', 'STARRY', 'TIENDA TERMINAL', 66),
(1211, 'GENERICA', '3.5 - 4.0', '5.00', '7.00', '10.00', '', 'STARRY', 'TIENDA TERMINAL', 67),
(1212, 'GENERICA', '4.0 - 4.5 ', '5.00', '7.00', '10.00', '', 'STARRY', 'TIENDA TERMINAL', 67),
(1213, 'GENERICA', '4.5 - 5.0', '5.00', '7.00', '10.00', '', 'STARRY', 'TIENDA TERMINAL', 67),
(1214, 'GENERICA', '5.0 - 5.5', '5.00', '7.00', '10.00', '', 'STARRY', 'TIENDA TERMINAL', 67),
(1215, 'GENERICA', '5.5 - 6.0', '5.00', '7.00', '10.00', '', 'STARRY', 'TIENDA TERMINAL', 67),
(1216, 'Gummy', 'J1 ', '8.00', '15.00', '20.00', '', 'STARRY', 'TIENDA TERMINAL', 68),
(1217, 'Gummy', 'J1 MINI', '8.00', '15.00', '20.00', '', 'STARRY', 'TIENDA TERMINAL', 68),
(1218, 'Gummy', 'J2', '8.00', '15.00', '20.00', '', 'STARRY', 'TIENDA TERMINAL', 68),
(1219, 'Gummy', 'J5 PRIME', '8.00', '15.00', '20.00', '', 'STARRY', 'TIENDA TERMINAL', 68),
(1220, 'Gummy', 'J5 2016', '8.00', '15.00', '20.00', '', 'STARRY', 'TIENDA TERMINAL', 68),
(1221, 'Gummy', 'J7 2016', '8.00', '15.00', '20.00', '', 'STARRY', 'TIENDA TERMINAL', 68),
(1222, 'Gummy', 'Y360', '8.00', '15.00', '20.00', '', 'STARRY', 'TIENDA TERMINAL', 68),
(1223, 'Gummy', 'Y520', '8.00', '15.00', '20.00', '', 'STARRY', 'TIENDA TERMINAL', 68),
(1224, 'Gummy', 'GR5 ', '8.00', '15.00', '20.00', '', 'STARRY', 'TIENDA TERMINAL', 68),
(1225, 'Gummy', 'G360', '8.00', '15.00', '20.00', '', 'STARRY', 'TIENDA TERMINAL', 68),
(1226, 'Gummy', 'G2', '8.00', '15.00', '20.00', '', 'STARRY', 'TIENDA TERMINAL', 68),
(1227, 'Gummy', 'G3 ', '8.00', '15.00', '20.00', '', 'STARRY', 'TIENDA TERMINAL', 68),
(1228, 'Gummy', 'S4', '8.00', '15.00', '20.00', '', 'STARRY', 'TIENDA TERMINAL', 68),
(1229, 'Gummy', 'S5', '8.00', '15.00', '20.00', '', 'STARRY', 'TIENDA TERMINAL', 68),
(1230, 'Gummy', 'A3 2016', '8.00', '15.00', '20.00', '', 'STARRY', 'TIENDA TERMINAL', 68),
(1231, 'Gummy', 'K4', '8.00', '15.00', '20.00', '', 'STARRY', 'TIENDA TERMINAL', 68),
(1232, 'Gummy', 'A3 2017', '8.00', '15.00', '20.00', '', 'STARRY', 'TIENDA TERMINAL', 68),
(1233, 'Gummy', 'P8 ', '8.00', '15.00', '20.00', '', 'STARRY', 'TIENDA TERMINAL', 68),
(1234, 'Gummy', 'MATE 8 ', '8.00', '15.00', '20.00', '', 'STARRY', 'TIENDA TERMINAL', 68),
(1235, 'Verus', 'GR3 ', '5.00', '8.00', '10.00', '', 'STARRY', 'TIENDA TERMINAL', 69),
(1236, 'Verus', 'GR5 ', '5.00', '8.00', '10.00', '', 'STARRY', 'TIENDA TERMINAL', 69),
(1237, 'Verus', 'GR360', '5.00', '8.00', '10.00', '', 'STARRY', 'TIENDA TERMINAL', 69),
(1238, 'Verus', '360', '5.00', '8.00', '10.00', '', 'STARRY', 'TIENDA TERMINAL', 69),
(1239, 'Verus', 'M4 AQUA', '5.00', '8.00', '10.00', '', 'STARRY', 'TIENDA TERMINAL', 69),
(1240, 'Verus', 'MG2', '5.00', '8.00', '10.00', '', 'STARRY', 'TIENDA TERMINAL', 69),
(1241, 'Verus', 'MG3', '5.00', '8.00', '10.00', '', 'STARRY', 'TIENDA TERMINAL', 69),
(1242, 'Verus', 'S6', '5.00', '8.00', '10.00', '', 'STARRY', 'TIENDA TERMINAL', 69),
(1243, 'Verus', 'S6 EDGE', '5.00', '8.00', '10.00', '', 'STARRY', 'TIENDA TERMINAL', 69),
(1244, 'Verus', 'Y635', '5.00', '8.00', '10.00', '', 'STARRY', 'TIENDA TERMINAL', 69),
(1245, 'Verus', 'Z5 ', '5.00', '8.00', '10.00', '', 'STARRY', 'TIENDA TERMINAL', 69),
(1246, 'Verus', 'LG770', '5.00', '8.00', '10.00', '', 'STARRY', 'TIENDA TERMINAL', 69),
(1247, 'Verus', 'IP 5', '5.00', '8.00', '10.00', '', 'STARRY', 'TIENDA TERMINAL', 69),
(1248, 'Verus', 'P9 ', '5.00', '8.00', '10.00', '', 'STARRY', 'TIENDA TERMINAL', 69),
(1249, 'Verus', 'P9 LITE', '5.00', '8.00', '10.00', '', 'STARRY', 'TIENDA TERMINAL', 69),
(1250, 'Verus', 'J5 ', '5.00', '8.00', '10.00', '', 'STARRY', 'TIENDA TERMINAL', 69),
(1251, 'GENERICA', 'J1 MINI', '3.50', '6.00', '8.00', '', 'STARRY', 'TIENDA TERMINAL', 26),
(1252, 'GENERICA', 'J2', '3.50', '6.00', '8.00', '', 'STARRY', 'TIENDA TERMINAL', 26),
(1253, 'GENERICA', 'J3', '3.50', '6.00', '8.00', '', 'STARRY', 'TIENDA TERMINAL', 26),
(1254, 'GENERICA', 'J3 PRIME', '3.50', '6.00', '8.00', '', 'STARRY', 'TIENDA TERMINAL', 26),
(1255, 'GENERICA', 'J5 ', '3.50', '6.00', '8.00', '', 'STARRY', 'TIENDA TERMINAL', 26),
(1256, 'GENERICA', 'J5 PRIME', '3.50', '6.00', '8.00', '', 'STARRY', 'TIENDA TERMINAL', 26),
(1257, 'GENERICA', 'J7 ', '3.50', '6.00', '8.00', '', 'STARRY', 'TIENDA TERMINAL', 26),
(1258, 'GENERICA', 'J7 PRIME', '3.50', '6.00', '8.00', '', 'STARRY', 'TIENDA TERMINAL', 26),
(1259, 'GENERICA', 'J7 2016', '3.50', '6.00', '8.00', '', 'STARRY', 'TIENDA TERMINAL', 26),
(1260, 'GENERICA', 'S3', '3.50', '6.00', '8.00', '', 'STARRY', 'TIENDA TERMINAL', 26),
(1261, 'GENERICA', 'S4', '3.50', '6.00', '8.00', '', 'STARRY', 'TIENDA TERMINAL', 26),
(1262, 'GENERICA', 'S5', '3.50', '6.00', '8.00', '', 'STARRY', 'TIENDA TERMINAL', 26),
(1263, 'GENERICA', 'S6', '3.50', '6.00', '8.00', '', 'STARRY', 'TIENDA TERMINAL', 26),
(1264, 'GENERICA', 'S6 EDGE', '3.50', '6.00', '8.00', '', 'STARRY', 'TIENDA TERMINAL', 26),
(1265, 'GENERICA', 'S7', '3.50', '6.00', '8.00', '', 'STARRY', 'TIENDA TERMINAL', 26),
(1266, 'GENERICA', 'XA', '3.50', '6.00', '8.00', '', 'STARRY', 'TIENDA TERMINAL', 26),
(1267, 'GENERICA', 'XA ULTRA', '3.50', '6.00', '8.00', '', 'STARRY', 'TIENDA TERMINAL', 26),
(1268, 'GENERICA', 'Z4', '3.50', '6.00', '8.00', '', 'STARRY', 'TIENDA TERMINAL', 26),
(1269, 'GENERICA', 'IP5', '3.50', '6.00', '8.00', '', 'STARRY', 'TIENDA TERMINAL', 26),
(1270, 'GENERICA', 'IP6', '3.50', '6.00', '8.00', '', 'STARRY', 'TIENDA TERMINAL', 26),
(1271, 'GENERICA', 'IP6 PLUS', '3.50', '6.00', '8.00', '', 'STARRY', 'TIENDA TERMINAL', 26),
(1272, 'GENERICA', 'IP7 PLUS', '3.50', '6.00', '8.00', '', 'STARRY', 'TIENDA TERMINAL', 26),
(1273, 'GENERICA', 'NOTE 4', '3.50', '6.00', '8.00', '', 'STARRY', 'TIENDA TERMINAL', 26),
(1274, 'GENERICA', 'NOTE 5', '3.50', '6.00', '8.00', '', 'STARRY', 'TIENDA TERMINAL', 26),
(1275, 'GENERICA', 'P8 LITE', '3.50', '6.00', '8.00', '', 'STARRY', 'TIENDA TERMINAL', 26),
(1276, 'GENERICA', 'P9 LITE', '3.50', '6.00', '8.00', '', 'STARRY', 'TIENDA TERMINAL', 26),
(1277, 'GENERICA', 'Y5 II', '3.50', '6.00', '8.00', '', 'STARRY', 'TIENDA TERMINAL', 26),
(1278, 'GENERICA', 'A3 2017', '6.00', '13.00', '15.00', '', 'STARRY', 'TIENDA TERMINAL', 72),
(1279, 'GENERICA', 'XA', '6.00', '13.00', '15.00', '', 'STARRY', 'TIENDA TERMINAL', 72),
(1280, 'GENERICA', 'S6 EDGE', '6.00', '13.00', '15.00', '', 'STARRY', 'TIENDA TERMINAL', 72),
(1281, 'GENERICA', 'S7', '6.00', '13.00', '15.00', '', 'STARRY', 'TIENDA TERMINAL', 72),
(1282, 'GENERICA', 'IP 5', '6.00', '13.00', '15.00', '', 'STARRY', 'TIENDA TERMINAL', 72),
(1283, 'GENERICA', 'IP 6', '6.00', '13.00', '15.00', '', 'STARRY', 'TIENDA TERMINAL', 72),
(1284, 'GENERICA', '6G PLUS', '6.00', '13.00', '15.00', '', 'STARRY', 'TIENDA TERMINAL', 72),
(1285, 'GENERICA', 'IP 6 PLUS', '6.00', '13.00', '15.00', '', 'STARRY', 'TIENDA TERMINAL', 72),
(1286, 'GENERICA', 'IP7', '6.00', '13.00', '15.00', '', 'STARRY', 'TIENDA TERMINAL', 72),
(1287, 'GENERICA', 'IP7 PLUS', '6.00', '13.00', '15.00', '', 'STARRY', 'TIENDA TERMINAL', 72),
(1288, 'Motomo', 'J5 PRIME', '5.00', '9.00', '13.00', '', 'STARRY', 'TIENDA TERMINAL', 65),
(1289, 'Motomo', 'NOTE 5', '5.00', '9.00', '13.00', '', 'STARRY', 'TIENDA TERMINAL', 65),
(1290, 'Motomo', 'IP7 PLUS', '5.00', '9.00', '13.00', '', 'STARRY', 'TIENDA TERMINAL', 65),
(1291, 'Motomo', 'S6 EDGE', '5.00', '9.00', '13.00', '', 'STARRY', 'TIENDA TERMINAL', 65),
(1292, 'Motomo', 'IP7', '5.00', '9.00', '13.00', '', 'STARRY', 'TIENDA TERMINAL', 65),
(1293, 'GENERICA', 'J5 PRO', '8.00', '15.00', '18.00', '', 'STARRY', 'TIENDA TERMINAL', 73),
(1294, 'GENERICA', 'J7 PRO', '8.00', '15.00', '18.00', '', 'STARRY', 'TIENDA TERMINAL', 73),
(1295, 'GENERICA', 'A5 2017', '5.00', '8.00', '10.00', '', 'STARRY', 'TIENDA TERMINAL', 5),
(1296, 'GENERICA', 'A7 2017', '5.00', '8.00', '10.00', '', 'STARRY', 'TIENDA TERMINAL', 5),
(1297, 'GENERICA', 'J2 PRIME', '5.00', '8.00', '10.00', '', 'STARRY', 'TIENDA TERMINAL', 5),
(1298, 'GENERICA', 'J7 PRIME', '5.00', '8.00', '10.00', '', 'STARRY', 'TIENDA TERMINAL', 5),
(1299, 'GENERICA', 'IP6 ', '5.00', '8.00', '10.00', '', 'STARRY', 'TIENDA TERMINAL', 5),
(1300, 'GENERICA', 'IP7', '5.00', '8.00', '10.00', '', 'STARRY', 'TIENDA TERMINAL', 5),
(1301, 'GENERICA', 'S8', '5.00', '8.00', '10.00', '', 'STARRY', 'TIENDA TERMINAL', 5),
(1302, 'GENERICA', 'S8 PLUS', '5.00', '8.00', '10.00', '', 'STARRY', 'TIENDA TERMINAL', 5),
(1303, 'GENERICA', 'IP7 PLUS', '5.50', '8.00', '11.00', '', 'STARRY', 'TIENDA TERMINAL', 71),
(1304, 'GENERICA', 'IP7', '5.50', '8.00', '11.00', '', 'STARRY', 'TIENDA TERMINAL', 71),
(1305, 'GENERICA', 'S8', '5.50', '8.00', '11.00', '', 'STARRY', 'TIENDA TERMINAL', 71),
(1306, 'GENERICA', 'S8 PLUS', '5.50', '8.00', '11.00', '', 'STARRY', 'TIENDA TERMINAL', 71),
(1307, 'GENERICA', 'A520', '5.50', '8.00', '11.00', '', 'STARRY', 'TIENDA TERMINAL', 71),
(1308, 'GENERICA', 'A7 2017', '5.50', '8.00', '11.00', '', 'STARRY', 'TIENDA TERMINAL', 71),
(1309, 'GENERICA', 'P9 LITE', '5.50', '8.00', '11.00', '', 'STARRY', 'TIENDA TERMINAL', 71),
(1310, 'GENERICA', 'MATE 9 ', '5.50', '8.00', '11.00', '', 'STARRY', 'TIENDA TERMINAL', 71),
(1311, 'GENERICA', 'MATE 9 LITE', '5.50', '8.00', '11.00', '', 'STARRY', 'TIENDA TERMINAL', 71),
(1312, 'GENERICA', 'S3', '8.00', '15.00', '20.00', '', 'STARRY', 'TIENDA TERMINAL', 66),
(1313, 'GENERICA', 'IP4', '8.00', '15.00', '20.00', '', 'STARRY', 'TIENDA TERMINAL', 66),
(1314, 'GENERICA', 'IP5', '8.00', '15.00', '20.00', '', 'STARRY', 'TIENDA TERMINAL', 66),
(1315, 'GENERICA', 'S7 EDGE', '3.50', '6.00', '8.00', '', 'STARRY', 'TIENDA TERMINAL', 26),
(1316, 'GENERICA', 'S6 EDGE GOLD', '6.00', '12.00', '15.00', '', 'STARRY', 'TIENDA TERMINAL', 20),
(1317, 'GENERICA', 'S6 EDGE BLACK', '6.00', '12.00', '15.00', '', 'STARRY', 'TIENDA TERMINAL', 20),
(1318, 'GENERICA', 'S6 EDGE BLUE ', '6.00', '12.00', '15.00', '', 'STARRY', 'TIENDA TERMINAL', 20),
(1319, 'GENERICA', 'S6 EDGE WHITE ', '6.00', '12.00', '15.00', '', 'STARRY', 'TIENDA TERMINAL', 20),
(1320, 'GENERICA', 'S6 EDGE CLEAR', '6.00', '12.00', '15.00', '', 'STARRY', 'TIENDA TERMINAL', 20),
(1321, 'GENERICA', 'S6 EDGE PLUS GOLD', '6.00', '12.00', '15.00', '', 'STARRY', 'TIENDA TERMINAL', 20),
(1322, 'GENERICA', 'S6 EDGE PLUS BLACK', '6.00', '12.00', '15.00', '', 'STARRY', 'TIENDA TERMINAL', 20),
(1323, 'GENERICA', 'S6 EDGE PLUS BLUE', '6.00', '12.00', '15.00', '', 'STARRY', 'TIENDA TERMINAL', 20),
(1324, 'GENERICA', 'S6 EDGE PLUS WHITE', '6.00', '12.00', '15.00', '', 'STARRY', 'TIENDA TERMINAL', 20),
(1325, 'GENERICA', 'S6 EDGE PLUS CLEAR', '6.00', '12.00', '15.00', '', 'STARRY', 'TIENDA TERMINAL', 20),
(1326, 'GENERICA', 'S7 EDGE GOLD', '6.00', '12.00', '15.00', '', 'STARRY', 'TIENDA TERMINAL', 20),
(1327, 'GENERICA', 'S7 EDGE BLACK', '6.00', '12.00', '15.00', '', 'STARRY', 'TIENDA TERMINAL', 20),
(1328, 'GENERICA', 'S7 EDGE BLUE', '6.00', '12.00', '15.00', '', 'STARRY', 'TIENDA TERMINAL', 20),
(1329, 'GENERICA', 'S7 WHITE', '6.00', '12.00', '15.00', '', 'STARRY', 'TIENDA TERMINAL', 20),
(1330, 'GENERICA', 'S7 EDGE  WHITE', '6.00', '12.00', '15.00', '', 'STARRY', 'TIENDA TERMINAL', 20),
(1331, 'GENERICA', 'S7 EDGE CLEAR', '6.00', '12.00', '15.00', '', 'STARRY', 'TIENDA TERMINAL', 20),
(1332, 'GENERICA', 'S8 PLUS GOLD', '6.00', '12.00', '15.00', '', 'STARRY', 'TIENDA TERMINAL', 20),
(1333, 'GENERICA', 'S8 PLUS BLACK', '6.00', '12.00', '15.00', '', 'STARRY', 'TIENDA TERMINAL', 20),
(1334, 'GENERICA', 'S8 PLUS BLUE', '6.00', '12.00', '15.00', '', 'STARRY', 'TIENDA TERMINAL', 20),
(1335, 'GENERICA', 'S8 PLUS WHITE ', '6.00', '12.00', '15.00', '', 'STARRY', 'TIENDA TERMINAL', 20),
(1336, 'GENERICA', 'S8 PLUS CLEAR', '6.00', '12.00', '15.00', '', 'STARRY', 'TIENDA TERMINAL', 2),
(1337, 'GENERICA', 'S8 GOLD', '6.00', '12.00', '15.00', '', 'STARRY', 'TIENDA TERMINAL', 20),
(1338, 'GENERICA', 'S8 BLACK', '6.00', '12.00', '15.00', '', 'STARRY', 'TIENDA TERMINAL', 20),
(1339, 'GENERICA', 'S8 BLUE', '6.00', '12.00', '15.00', '', 'STARRY', 'TIENDA TERMINAL', 20),
(1340, 'GENERICA', 'S8 WHITE', '6.00', '12.00', '15.00', '', 'STARRY', 'TIENDA TERMINAL', 20),
(1341, 'GENERICA', 'S8 CLEAR', '6.00', '12.00', '15.00', '', 'STARRY', 'TIENDA TERMINAL', 20),
(1342, 'GENERICA', 'NOTE 8 GOLD', '6.00', '12.00', '15.00', '', 'STARRY', 'TIENDA TERMINAL', 20),
(1343, 'GENERICA', 'NOTE 8 BLACK ', '6.00', '12.00', '15.00', '', 'STARRY', 'TIENDA TERMINAL', 20),
(1344, 'GENERICA', 'NOTE 8 BLUE', '6.00', '12.00', '15.00', '', 'STARRY', 'TIENDA TERMINAL', 20),
(1345, 'GENERICA', 'NOTE 8 WHITE', '6.00', '12.00', '15.00', '', 'STARRY', 'TIENDA TERMINAL', 20),
(1346, 'GENERICA', 'NOTE 8 CLEAR', '6.00', '12.00', '15.00', '', 'STARRY', 'TIENDA TERMINAL', 20),
(1347, 'GENERICA', 'NOTE 7 GOLD', '6.00', '12.00', '15.00', '', 'STARRY', 'TIENDA TERMINAL', 20),
(1348, 'GENERICA', 'NOTE 7 BLACK', '6.00', '12.00', '15.00', '', 'STARRY', 'TIENDA TERMINAL', 20),
(1349, 'GENERICA', 'NOTE 7 BLUE ', '6.00', '12.00', '15.00', '', 'STARRY', 'TIENDA TERMINAL', 20),
(1350, 'GENERICA', 'NOTE 7 WHITE', '6.00', '12.00', '15.00', '', 'STARRY', 'TIENDA TERMINAL', 20),
(1351, 'GENERICA', 'NOTE 7 CLEAR', '6.00', '12.00', '15.00', '', 'STARRY', 'TIENDA TERMINAL', 20),
(1501, 'Samsung', 'S2', '1.50', '2.30', '3.00', '', 'JACKY', 'TIENDA SAN MARTIN', 2),
(1502, 'Samsung', 'S3', '1.50', '2.30', '3.00', '', 'STARRY', 'TIENDA SAN MARTIN', 2),
(1503, 'Samsung', 'S3 MINI', '1.50', '2.30', '3.00', '', 'STARRY', 'TIENDA SAN MARTIN', 2),
(1504, 'Samsung', 'S4', '1.50', '2.30', '3.00', '', 'STARRY', 'TIENDA SAN MARTIN', 2),
(1505, 'Samsung', 'S4 MINI', '1.50', '2.30', '3.00', '', 'STARRY', 'TIENDA SAN MARTIN', 2),
(1506, 'Samsung', 'S5', '1.50', '2.30', '3.00', '', 'STARRY', 'TIENDA SAN MARTIN', 2),
(1507, 'Samsung', 'S5 MINI', '1.50', '2.30', '3.00', '', 'STARRY', 'TIENDA SAN MARTIN', 2),
(1508, 'Samsung', 'S6', '1.50', '2.30', '3.00', '', 'STARRY', 'TIENDA SAN MARTIN', 2),
(1509, 'Samsung', 'S7', '1.50', '2.30', '3.00', '', 'STARRY', 'TIENDA SAN MARTIN', 2),
(1510, 'Samsung', 'J1 MINI PRIME', '1.50', '2.30', '3.00', '', 'STARRY', 'TIENDA SAN MARTIN', 2),
(1511, 'Samsung', 'J1 ACE', '1.50', '2.30', '3.00', '', 'STARRY', 'TIENDA SAN MARTIN', 2),
(1512, 'Samsung', 'J2', '1.50', '2.30', '3.00', '', 'STARRY', 'TIENDA SAN MARTIN', 2),
(1513, 'Samsung', 'J2 PRIME', '1.50', '2.30', '3.00', '', 'STARRY', 'TIENDA SAN MARTIN', 2),
(1514, 'Samsung', 'J3-2015', '1.50', '2.30', '3.00', '', 'STARRY', 'TIENDA SAN MARTIN', 2),
(1515, 'Samsung', 'J3-2017', '1.50', '2.30', '3.00', '', 'STARRY', 'TIENDA SAN MARTIN', 2),
(1516, 'Samsung', 'J4-2018', '1.50', '2.30', '3.00', '', 'STARRY', 'TIENDA SAN MARTIN', 2),
(1517, 'Samsung', 'J5-2015', '1.50', '2.30', '3.00', '', 'STARRY', 'TIENDA SAN MARTIN', 2),
(1518, 'Samsung', 'J5-2016', '1.50', '2.30', '3.00', '', 'STARRY', 'TIENDA SAN MARTIN', 2),
(1519, 'Samsung', 'J5 PRIME', '1.50', '2.30', '3.00', '', 'STARRY', 'TIENDA SAN MARTIN', 2),
(1520, 'Samsung', 'J5-PRO', '1.50', '2.30', '3.00', '', 'STARRY', 'TIENDA SAN MARTIN', 2),
(1521, 'Samsung', 'J7 2015', '1.50', '2.30', '3.00', '', 'STARRY', 'TIENDA SAN MARTIN', 2),
(1522, 'Samsung', 'J7 2016', '1.50', '2.30', '3.00', '', 'STARRY', 'TIENDA SAN MARTIN', 2),
(1523, 'Samsung', 'J7 PRIME', '1.50', '2.30', '3.00', '', 'STARRY', 'TIENDA SAN MARTIN', 2),
(1524, 'Samsung', 'J7 PRO', '1.50', '2.30', '3.00', '', 'STARRY', 'TIENDA SAN MARTIN', 2),
(1525, 'Samsung', 'J7 NEO', '1.50', '2.30', '3.00', '', 'STARRY', 'TIENDA SAN MARTIN', 2);
INSERT INTO `producto` (`idproducto`, `marca`, `modelo`, `costodecompra`, `preciomayor`, `preciodetalle`, `descripcion`, `proveedor`, `sucursal`, `categoriaid`) VALUES
(1526, 'Samsung', 'A3 2017', '1.50', '2.30', '3.00', '', 'STARRY', 'TIENDA SAN MARTIN', 2),
(1527, 'Samsung', 'A 310', '1.50', '2.30', '3.00', '', 'STARRY', 'TIENDA SAN MARTIN', 2),
(1528, 'Samsung', 'A3 2017 BLACK', '1.50', '2.30', '3.00', '', 'STARRY', 'TIENDA SAN MARTIN', 2),
(1529, 'Samsung', 'A3 2017 GOLD', '1.50', '2.30', '3.00', '', 'STARRY', 'TIENDA SAN MARTIN', 2),
(1530, 'Samsung', 'A5 2017', '1.50', '2.30', '3.00', '', 'STARRY', 'TIENDA SAN MARTIN', 2),
(1531, 'Samsung', 'A5 2017 GOLD', '1.50', '2.30', '3.00', '', 'STARRY', 'TIENDA SAN MARTIN', 2),
(1532, 'Samsung', 'A5 2017 BLACK', '1.50', '2.30', '3.00', '', 'STARRY', 'TIENDA SAN MARTIN', 2),
(1533, 'Samsung', 'A7 2017', '1.50', '2.30', '3.00', '', 'STARRY', 'TIENDA SAN MARTIN', 2),
(1534, 'Samsung', 'A7 2017 BLACK ', '1.50', '2.30', '3.00', '', 'STARRY', 'TIENDA SAN MARTIN', 2),
(1535, 'Samsung', 'A7 2017 GOLD', '1.50', '2.30', '3.00', '', 'STARRY', 'TIENDA SAN MARTIN', 2),
(1536, 'Samsung', 'A8', '1.50', '2.30', '3.00', '', 'STARRY', 'TIENDA SAN MARTIN', 2),
(1537, 'Samsung', 'A9', '1.50', '2.30', '3.00', '', 'STARRY', 'TIENDA SAN MARTIN', 2),
(1538, 'Samsung', 'A915', '1.50', '2.30', '3.00', '', 'STARRY', 'TIENDA SAN MARTIN', 2),
(1539, 'Samsung', 'NOTE 2', '1.50', '2.30', '3.00', '', 'STARRY', 'TIENDA SAN MARTIN', 2),
(1540, 'Samsung', 'NOTE 3', '1.50', '2.30', '3.00', '', 'STARRY', 'TIENDA SAN MARTIN', 2),
(1541, 'Samsung', 'NOTE 4', '1.50', '2.30', '3.00', '', 'STARRY', 'TIENDA SAN MARTIN', 2),
(1542, 'Samsung', 'NOTE 5', '1.50', '2.30', '3.00', '', 'STARRY', 'TIENDA SAN MARTIN', 2),
(1543, 'Samsung', 'NOTE 4 EDGE', '1.50', '2.30', '3.00', '', 'STARRY', 'TIENDA SAN MARTIN', 2),
(1544, 'Samsung', 'CORE 2', '1.50', '2.30', '3.00', '', 'STARRY', 'TIENDA SAN MARTIN', 2),
(1545, 'Samsung', 'CORE 8260', '1.50', '2.30', '3.00', '', 'STARRY', 'TIENDA SAN MARTIN', 2),
(1546, 'Samsung', 'GRAND DUOS', '1.50', '2.30', '3.00', '', 'STARRY', 'TIENDA SAN MARTIN', 2),
(1547, 'Samsung', 'POCKET 2', '1.50', '2.30', '3.00', '', 'STARRY', 'TIENDA SAN MARTIN', 2),
(1548, 'Samsung', 'ACE', '1.50', '2.30', '3.00', '', 'STARRY', 'TIENDA SAN MARTIN', 2),
(1549, 'Samsung', 'ACE 4', '1.50', '2.30', '3.00', '', 'STARRY', 'TIENDA SAN MARTIN', 2),
(1550, 'Samsung', 'ON 5', '1.50', '2.30', '3.00', '', 'STARRY', 'TIENDA SAN MARTIN', 2),
(1551, 'Huawei', 'GR3 BLACK', '1.50', '2.30', '3.00', '', 'STARRY', 'TIENDA SAN MARTIN', 2),
(1552, 'Huawei', 'GR3 GOLD', '1.50', '2.30', '3.00', '', 'STARRY', 'TIENDA SAN MARTIN', 2),
(1553, 'Huawei', 'GR5 2017 BLACK', '1.50', '2.30', '3.00', '', 'STARRY', 'TIENDA SAN MARTIN', 2),
(1554, 'Huawei', 'GR5 2017 GOLD', '1.50', '2.30', '3.00', '', 'STARRY', 'TIENDA SAN MARTIN', 2),
(1555, 'Huawei', 'Y3 ', '1.50', '2.30', '3.00', '', 'STARRY', 'TIENDA SAN MARTIN', 2),
(1556, 'Huawei', 'Y3 II', '1.50', '2.30', '3.00', '', 'STARRY', 'TIENDA SAN MARTIN', 2),
(1557, 'Huawei', 'Y3 2017', '1.50', '2.30', '3.00', '', 'STARRY', 'TIENDA SAN MARTIN', 2),
(1558, 'Huawei', 'Y3 II 2017', '1.50', '2.30', '3.00', '', 'STARRY', 'TIENDA SAN MARTIN', 2),
(1559, 'Huawei', 'Y360', '1.50', '2.30', '3.00', '', 'STARRY', 'TIENDA SAN MARTIN', 2),
(1560, 'Huawei', 'Y530', '1.50', '2.30', '3.00', '', 'STARRY', 'TIENDA SAN MARTIN', 2),
(1561, 'Huawei', 'Y5', '1.50', '2.30', '3.00', '', 'STARRY', 'TIENDA SAN MARTIN', 2),
(1562, 'Huawei', 'Y5 II', '1.50', '2.30', '3.00', '', 'STARRY', 'TIENDA SAN MARTIN', 2),
(1563, 'Huawei', 'Y5 II 2017', '1.50', '2.30', '3.00', '', 'STARRY', 'TIENDA SAN MARTIN', 2),
(1564, 'Huawei', 'Y6 II ', '1.50', '2.30', '3.00', '', 'STARRY', 'TIENDA SAN MARTIN', 2),
(1565, 'Huawei', 'Y6 II 2017', '1.50', '2.30', '3.00', '', 'STARRY', 'TIENDA SAN MARTIN', 2),
(1566, 'Huawei', 'Y7 PRIME ', '1.50', '2.30', '3.00', '', 'STARRY', 'TIENDA SAN MARTIN', 2),
(1567, 'Huawei', 'Y6 2017', '1.50', '2.30', '3.00', '', 'STARRY', 'TIENDA SAN MARTIN', 2),
(1568, 'Huawei', 'MATE 7', '1.50', '2.30', '3.00', '', 'STARRY', 'TIENDA SAN MARTIN', 2),
(1569, 'Huawei', 'MATE 8', '1.50', '2.30', '3.00', '', 'STARRY', 'TIENDA SAN MARTIN', 2),
(1570, 'Huawei', 'MATE 9 LITE', '1.50', '2.30', '3.00', '', 'STARRY', 'TIENDA SAN MARTIN', 2),
(1571, 'Huawei', 'MATE 10', '1.50', '2.30', '3.00', '', 'STARRY', 'TIENDA SAN MARTIN', 2),
(1572, 'Huawei', 'MATE S', '1.50', '2.30', '3.00', '', 'STARRY', 'TIENDA SAN MARTIN', 2),
(1573, 'Huawei', 'P8 LITE', '1.50', '2.30', '3.00', '', 'STARRY', 'TIENDA SAN MARTIN', 2),
(1574, 'Huawei', 'P8 LITE  2017', '1.50', '2.30', '3.00', '', 'STARRY', 'TIENDA SAN MARTIN', 2),
(1575, 'Huawei', 'P9 ', '1.50', '2.30', '3.00', '', 'STARRY', 'TIENDA SAN MARTIN', 2),
(1576, 'Huawei', 'P9 LITE', '1.50', '2.30', '3.00', '', 'STARRY', 'TIENDA SAN MARTIN', 2),
(1577, 'Huawei', 'P9 PLUS', '1.50', '2.30', '3.00', '', 'STARRY', 'TIENDA SAN MARTIN', 2),
(1578, 'Huawei', 'P9 LITE SMART', '1.50', '2.30', '3.00', '', 'STARRY', 'TIENDA SAN MARTIN', 2),
(1579, 'Huawei', 'P9 LITE MINI', '1.50', '2.30', '3.00', '', 'STARRY', 'TIENDA SAN MARTIN', 2),
(1580, 'Huawei', 'P10', '1.50', '2.30', '3.00', '', 'STARRY', 'TIENDA SAN MARTIN', 2),
(1581, 'Huawei', 'P10 PLUS', '1.50', '2.30', '3.00', '', 'STARRY', 'TIENDA SAN MARTIN', 2),
(1582, 'Huawei', 'P10 PLUS GOLD', '1.50', '2.30', '3.00', '', 'STARRY', 'TIENDA SAN MARTIN', 2),
(1583, 'Huawei', 'P10 PLUS BLACK', '1.50', '2.30', '3.00', '', 'STARRY', 'TIENDA SAN MARTIN', 2),
(1584, 'Huawei', 'P10 BLACK', '1.50', '2.30', '3.00', '', 'STARRY', 'TIENDA SAN MARTIN', 2),
(1585, 'Huawei', 'P10 GOLD', '1.50', '2.30', '3.00', '', 'STARRY', 'TIENDA SAN MARTIN', 2),
(1586, 'Huawei', 'NOVA PLUS', '1.50', '2.30', '3.00', '', 'STARRY', 'TIENDA SAN MARTIN', 2),
(1587, 'Huawei', 'G PLAY ', '1.50', '2.30', '3.00', '', 'STARRY', 'TIENDA SAN MARTIN', 2),
(1588, 'Huawei', 'G PLAY MINI', '1.50', '2.30', '3.00', '', 'STARRY', 'TIENDA SAN MARTIN', 2),
(1589, 'Sony', 'XA ULTRA', '1.50', '2.30', '3.00', '', 'STARRY', 'TIENDA SAN MARTIN', 2),
(1590, 'Sony', 'SONY X', '1.50', '2.30', '3.00', '', 'STARRY', 'TIENDA SAN MARTIN', 2),
(1591, 'Sony', 'SONY Z', '1.50', '2.30', '3.00', '', 'STARRY', 'TIENDA SAN MARTIN', 2),
(1592, 'Sony', 'SONY C5', '1.50', '2.30', '3.00', '', 'STARRY', 'TIENDA SAN MARTIN', 2),
(1593, 'Sony', 'SONY C3', '1.50', '2.30', '3.00', '', 'STARRY', 'TIENDA SAN MARTIN', 2),
(1594, 'Sony', 'Z1 BACK', '1.50', '2.30', '3.00', '', 'STARRY', 'TIENDA SAN MARTIN', 2),
(1595, 'Sony', 'Z1 MINI', '1.50', '2.30', '3.00', '', 'STARRY', 'TIENDA SAN MARTIN', 2),
(1596, 'Sony', 'Z2', '1.50', '2.30', '3.00', '', 'STARRY', 'TIENDA SAN MARTIN', 2),
(1597, 'Sony', 'Z2 BACK', '1.50', '2.30', '3.00', '', 'STARRY', 'TIENDA SAN MARTIN', 2),
(1598, 'Sony', 'Z5 PREMIUM PLUS', '1.50', '2.30', '3.00', '', 'STARRY', 'TIENDA SAN MARTIN', 2),
(1599, 'Sony', 'Z3 MINI', '1.50', '2.30', '3.00', '', 'STARRY', 'TIENDA SAN MARTIN', 2),
(1600, 'Sony', 'Z4', '1.50', '2.30', '3.00', '', 'STARRY', 'TIENDA SAN MARTIN', 2),
(1601, 'Sony', 'Z4 BLACK', '1.50', '2.30', '3.00', '', 'STARRY', 'TIENDA SAN MARTIN', 2),
(1602, 'Sony', 'Z5 ', '1.50', '2.30', '3.00', '', 'STARRY', 'TIENDA SAN MARTIN', 2),
(1603, 'Sony', 'Z5 BACK', '1.50', '2.30', '3.00', '', 'STARRY', 'TIENDA SAN MARTIN', 2),
(1604, 'Sony', 'Z5 PLUS', '1.50', '2.30', '3.00', '', 'STARRY', 'TIENDA SAN MARTIN', 2),
(1605, 'Sony', 'Z5 PREMIUM', '1.50', '2.30', '3.00', '', 'STARRY', 'TIENDA SAN MARTIN', 2),
(1606, 'Sony', 'Z5 ULTRA', '1.50', '2.30', '3.00', '', 'STARRY', 'TIENDA SAN MARTIN', 2),
(1607, 'Sony', 'Z4 MINI', '1.50', '2.30', '3.00', '', 'STARRY', 'TIENDA SAN MARTIN', 2),
(1608, 'Sony', 'M4 AQUA', '1.50', '2.30', '3.00', '', 'STARRY', 'TIENDA SAN MARTIN', 2),
(1609, 'Sony', 'XA', '1.50', '2.30', '3.00', '', 'STARRY', 'TIENDA SAN MARTIN', 2),
(1610, 'Sony', 'XZP', '1.50', '2.30', '3.00', '', 'STARRY', 'TIENDA SAN MARTIN', 2),
(1611, 'HTC', 'M4', '1.50', '2.30', '3.00', '', 'STARRY', 'TIENDA SAN MARTIN', 2),
(1612, 'HTC', 'M5', '1.50', '2.30', '3.00', '', 'STARRY', 'TIENDA SAN MARTIN', 2),
(1613, 'HTC', 'M7', '1.50', '2.30', '3.00', '', 'STARRY', 'TIENDA SAN MARTIN', 2),
(1614, 'HTC', 'M8', '1.50', '2.30', '3.00', '', 'STARRY', 'TIENDA SAN MARTIN', 2),
(1615, 'HTC', 'M9', '1.50', '2.30', '3.00', '', 'STARRY', 'TIENDA SAN MARTIN', 2),
(1616, 'HTC', 'M9 PLUS', '1.50', '2.30', '3.00', '', 'STARRY', 'TIENDA SAN MARTIN', 2),
(1617, 'HTC', 'M10', '1.50', '2.30', '3.00', '', 'STARRY', 'TIENDA SAN MARTIN', 2),
(1618, 'HTC', 'HTC626', '1.50', '2.30', '3.00', '', 'STARRY', 'TIENDA SAN MARTIN', 2),
(1619, 'Samsung', 'J6 2018', '1.50', '2.30', '3.00', '', 'STARRY', 'TIENDA SAN MARTIN', 2),
(1620, 'Samsung', 'J8 2018', '1.50', '2.30', '3.00', '', 'STARRY', 'TIENDA SAN MARTIN', 2),
(1621, 'Huawei', 'P20', '1.50', '2.30', '3.00', '', 'STARRY', 'TIENDA SAN MARTIN', 2),
(1622, 'Huawei', 'P20 LITE', '1.50', '2.30', '3.00', '', 'STARRY', 'TIENDA SAN MARTIN', 2),
(1623, 'Huawei', 'P20 PRO', '1.50', '2.30', '3.00', '', 'STARRY', 'TIENDA SAN MARTIN', 2),
(1624, 'Huawei', 'Mate 10', '1.50', '2.30', '3.00', '', 'STARRY', 'TIENDA SAN MARTIN', 2),
(1625, 'Huawei', 'MATE 10 LITE', '1.50', '2.30', '3.00', '', 'STARRY', 'TIENDA SAN MARTIN', 2),
(1626, 'Huawei', 'MATE 10 PRO', '1.50', '2.30', '3.00', '', 'STARRY', 'TIENDA SAN MARTIN', 2),
(1627, 'LG', 'K3 2017', '1.50', '2.30', '3.00', '', 'STARRY', 'TIENDA SAN MARTIN', 2),
(1628, 'LG', 'K4 2017', '1.50', '2.30', '3.00', '', 'STARRY', 'TIENDA SAN MARTIN', 2),
(1629, 'LG', 'K5', '1.50', '2.30', '3.00', '', 'STARRY', 'TIENDA SAN MARTIN', 2),
(1630, 'LG', 'K7', '1.50', '2.30', '3.00', '', 'STARRY', 'TIENDA SAN MARTIN', 2),
(1631, 'LG', 'K8', '1.50', '2.30', '3.00', '', 'STARRY', 'TIENDA SAN MARTIN', 2),
(1632, 'LG', 'K8 2017', '1.50', '2.30', '3.00', '', 'STARRY', 'TIENDA SAN MARTIN', 2),
(1633, 'LG', 'K10 2017', '1.50', '2.30', '3.00', '', 'STARRY', 'TIENDA SAN MARTIN', 2),
(1634, 'LG', 'K10', '1.50', '2.30', '3.00', '', 'STARRY', 'TIENDA SAN MARTIN', 2),
(1635, 'LG', 'G2', '1.50', '2.30', '3.00', '', 'STARRY', 'TIENDA SAN MARTIN', 2),
(1636, 'LG', 'G2 MINI', '1.50', '2.30', '3.00', '', 'STARRY', 'TIENDA SAN MARTIN', 2),
(1637, 'LG', 'G3 STYLUS', '1.50', '2.30', '3.00', '', 'STARRY', 'TIENDA SAN MARTIN', 2),
(1638, 'LG', 'G4', '1.50', '2.30', '3.00', '', 'STARRY', 'TIENDA SAN MARTIN', 2),
(1639, 'LG', 'G4 STYLUS', '1.50', '2.30', '3.00', '', 'STARRY', 'TIENDA SAN MARTIN', 2),
(1640, 'LG', 'G5', '1.50', '2.30', '3.00', '', 'STARRY', 'TIENDA SAN MARTIN', 2),
(1641, 'LG', 'G6', '1.50', '2.30', '3.00', '', 'STARRY', 'TIENDA SAN MARTIN', 2),
(1642, 'LG', 'G4 PLUS', '1.50', '2.30', '3.00', '', 'STARRY', 'TIENDA SAN MARTIN', 2),
(1643, 'LG', 'SPIRIT', '1.50', '2.30', '3.00', '', 'STARRY', 'TIENDA SAN MARTIN', 2),
(1644, 'LG', 'LEON', '1.50', '2.30', '3.00', '', 'STARRY', 'TIENDA SAN MARTIN', 2),
(1645, 'LG', 'MAGNA', '1.50', '2.30', '3.00', '', 'STARRY', 'TIENDA SAN MARTIN', 2),
(1646, 'Apple', 'IP X', '1.50', '2.30', '3.00', '', 'STARRY', 'TIENDA SAN MARTIN', 2),
(1647, 'Apple', 'IP5', '1.50', '2.30', '3.00', '', 'STARRY', 'TIENDA SAN MARTIN', 2),
(1648, 'Apple', 'IP6', '1.50', '2.30', '3.00', '', 'STARRY', 'TIENDA SAN MARTIN', 2),
(1649, 'Apple', 'IP6 PLUS', '1.50', '2.30', '3.00', '', 'STARRY', 'TIENDA SAN MARTIN', 2),
(1650, 'Apple', 'IP6 BACK', '1.50', '2.30', '3.00', '', 'STARRY', 'TIENDA SAN MARTIN', 2),
(1651, 'Apple', 'IP7', '1.50', '2.30', '3.00', '', 'STARRY', 'TIENDA SAN MARTIN', 2),
(1652, 'Apple', 'IP7 PLUS', '1.50', '2.30', '3.00', '', 'STARRY', 'TIENDA SAN MARTIN', 2),
(1653, 'Motorola', 'MOTO X4', '1.50', '2.30', '3.00', '', 'STARRY', 'TIENDA SAN MARTIN', 2),
(1654, 'Motorola', 'MOTO E4', '1.50', '2.30', '3.00', '', 'STARRY', 'TIENDA SAN MARTIN', 2),
(1655, 'Motorola', 'MOTO C ', '1.50', '2.30', '3.00', '', 'STARRY', 'TIENDA SAN MARTIN', 2),
(1656, 'Motorola', 'MOTO G5', '1.50', '2.30', '3.00', '', 'STARRY', 'TIENDA SAN MARTIN', 2),
(1657, 'Motorola', 'MOTO G5S PLUS', '1.50', '2.30', '3.00', '', 'STARRY', 'TIENDA SAN MARTIN', 2),
(1658, 'Motorola', 'MOTO X', '1.50', '2.30', '3.00', '', 'STARRY', 'TIENDA SAN MARTIN', 2),
(1659, 'Motorola', 'G510', '1.50', '2.30', '3.00', '', 'STARRY', 'TIENDA SAN MARTIN', 2),
(1660, 'Samsung', 'SAM M MahahSUNG S3 MINI - EB425161LU', '0.00', '0.00', '0.00', '', 'JACKY', 'TIENDA SAN MARTIN', 33),
(1661, 'Samsung', 'SAMSUNG S3 - EB-L1G6LLA', '0.00', '0.00', '0.00', '', 'JACKY', 'TIENDA SAN MARTIN', 34),
(1662, 'Samsung', 'SAMSUNG S4 MINI - B500AE', '0.00', '0.00', '0.00', '', 'JACKY', 'TIENDA SAN MARTIN', 35),
(1663, 'Samsung', 'SAMSUNG S4 - B600BE', '0.00', '0.00', '0.00', '', 'JACKY', 'TIENDA SAN MARTIN', 36),
(1664, 'Samsung', 'SAMSUNG S5 - EB-BG800CBE', '0.00', '0.00', '0.00', '', 'JACKY', 'TIENDA SAN MARTIN', 37),
(1665, 'Samsung', 'SAMSUNG S2 - EB-F1A2GBU', '0.00', '0.00', '0.00', '', 'JACKY', 'TIENDA SAN MARTIN', 38),
(1666, 'Samsung', 'SAMSUNG NOTE 3  - B800BE', '0.00', '0.00', '0.00', '', 'JACKY', 'TIENDA SAN MARTIN', 2),
(1667, 'Samsung', 'SAMSUNG NOTE 4 - EB-BN910BBE', '0.00', '0.00', '0.00', '', 'JACKY', 'TIENDA SAN MARTIN', 37),
(1668, 'Samsung', 'SAMSUNG CORE II - G355 - EB585157LU', '0.00', '0.00', '0.00', '', 'JACKY', 'TIENDA SAN MARTIN', 40),
(1669, 'Samsung', 'SAMSUNG CORE PRIME - EB-BG360BBE', '0.00', '0.00', '0.00', '', 'JACKY', 'TIENDA SAN MARTIN', 40),
(1670, 'Samsung', 'SAMSUNG GRAND PRIME / J2 PRIME - EB-BG530BBC', '0.00', '0.00', '0.00', '', 'JACKY', 'TIENDA SAN MARTIN', 40),
(1671, 'Samsung', 'SAMSUNG J1 - EB-BJ100CBE', '0.00', '0.00', '0.00', '', 'JACKY', 'TIENDA SAN MARTIN', 41),
(1672, 'Samsung', 'SAMSUNG J1 ACE - EB-BJ110ABE', '0.00', '0.00', '0.00', '', 'JACKY', 'TIENDA SAN MARTIN', 42),
(1673, 'Samsung', 'SAMSUNG ACE S5830 - EB494358VU', '0.00', '0.00', '0.00', '', 'JACKY', 'TIENDA SAN MARTIN', 43),
(1674, 'Samsung', 'SAMSUNG J7-2015 - EB-BJ700BBC', '0.00', '0.00', '0.00', '', 'JACKY', 'TIENDA SAN MARTIN', 48),
(1675, 'Samsung', 'SAMSUNG J5 - 2015 - EB-BG530BBC', '0.00', '0.00', '0.00', '', 'JACKY', 'TIENDA SAN MARTIN', 36),
(1676, 'Samsung', 'SAMSUNG J7 (2016) - EB - BJ710CBE', '0.00', '0.00', '0.00', '', 'JACKY', 'TIENDA SAN MARTIN', 44),
(1677, 'Samsung', 'SAMSUNG J5 (2016) - EB-BJ510CBE', '0.00', '0.00', '0.00', '', 'JACKY', 'TIENDA SAN MARTIN', 45),
(1678, 'Samsung', 'SAMSUNG J7 PRIME', '0.00', '0.00', '0.00', '', 'JACKY', 'TIENDA SAN MARTIN', 44),
(1679, 'Samsung', 'SAMSUNG J5 PRIME', '0.00', '0.00', '0.00', '', 'STARRY', 'TIENDA SAN MARTIN', 46),
(1680, 'Samsung', 'SAMSUNG S8 PLUS', '0.00', '0.00', '0.00', '', 'JACKY', 'TIENDA SAN MARTIN', 47),
(1681, 'Samsung', 'SAMSUNG S8', '0.00', '0.00', '0.00', '', 'JACKY', 'TIENDA SAN MARTIN', 48),
(1682, 'Samsung', 'SAMSUNG ACE 4 - EB-BG313BBE', '0.00', '0.00', '0.00', '', 'JACKY', 'TIENDA SAN MARTIN', 33),
(1683, 'Samsung', 'SAMSUNG S6 EDGE', '0.00', '0.00', '0.00', '', 'JACKY', 'TIENDA SAN MARTIN', 36),
(1684, 'Samsung', 'SAMSUNG S7 EDGE', '0.00', '0.00', '0.00', '', 'JACKY', 'TIENDA SAN MARTIN', 50),
(1685, 'Samsung', 'SAMSUNG GRAND NEO - EB535163LU', '0.00', '0.00', '0.00', '', 'JACKY', 'TIENDA SAN MARTIN', 34),
(1686, 'Samsung', 'SAMSUNG POCKET - EB 454353VA', '0.00', '0.00', '0.00', '', 'JACKY', 'TIENDA SAN MARTIN', 51),
(1687, 'Samsung', 'REAL FAST', '0.00', '0.00', '0.00', '', 'JACKY', 'TIENDA SAN MARTIN', 52),
(1688, 'Samsung', 'D5 REAL FAST', '0.00', '0.00', '0.00', '', 'JACKY', 'TIENDA SAN MARTIN', 52),
(1689, 'Samsung', 'COPY FAST CHARGER', '0.00', '0.00', '0.00', '', 'JACKY', 'TIENDA SAN MARTIN', 52),
(1690, 'Huawei', 'P9 ', '0.00', '0.00', '0.00', '', 'JACKY', 'TIENDA SAN MARTIN', 56),
(1691, 'Xiaomi', 'Xiaomi', '0.00', '0.00', '0.00', '', 'JACKY', 'TIENDA SAN MARTIN', 60),
(1692, 'Samsung', 'CHEAP SAMSUNG CHARGER WITH PACKING AND USB', '0.00', '0.00', '0.00', '', 'JACKY', 'TIENDA SAN MARTIN', 17),
(1693, 'Samsung', 'V8 -AAA', '0.00', '0.00', '0.00', '', 'JACKY', 'TIENDA SAN MARTIN', 61),
(1694, 'GENERICA', 'Tipo C - V8 - iphone ', '0.00', '0.00', '0.00', '', 'JACKY', 'TIENDA SAN MARTIN', 62),
(1695, 'Samsung', 'Samsung -caja logo especial', '0.00', '0.00', '0.00', '', 'JACKY', 'TIENDA SAN MARTIN', 52),
(1696, 'Huawei', 'Huawei 2A', '0.00', '0.00', '0.00', '', 'JACKY', 'TIENDA SAN MARTIN', 64),
(1697, 'Samsung', 'J2 PRIME GOLD', '1.50', '2.30', '3.00', '', 'JACKY', 'TIENDA SAN MARTIN', 2),
(1698, 'Samsung', 'J2 PRIME BLACK', '1.50', '2.30', '3.00', '', 'JACKY', 'TIENDA SAN MARTIN', 2),
(1699, 'Sony', 'T2 Ultra', '1.50', '2.30', '3.00', '', 'JACKY', 'TIENDA SAN MARTIN', 2),
(1700, 'LG', 'Bello', '1.50', '2.30', '3.00', '', 'JACKY', 'TIENDA SAN MARTIN', 2),
(1701, 'Motorola', 'Moto  E4 Plus', '1.50', '2.30', '3.00', '', 'STARRY', 'TIENDA SAN MARTIN', 2),
(1702, 'Motorola', 'G5 PLUS', '1.50', '2.30', '3.00', '', 'STARRY', 'TIENDA SAN MARTIN', 2),
(1703, 'Sony', 'Z MINI', '1.50', '2.30', '3.00', '', 'JACKY', 'TIENDA SAN MARTIN', 2),
(1704, 'Sony', 'K4', '1.50', '2.30', '3.00', '', 'JACKY', 'TIENDA SAN MARTIN', 2),
(1705, 'GENERICA', 'J1', '8.00', '15.00', '20.00', '', 'STARRY', 'TIENDA SAN MARTIN', 66),
(1706, 'GENERICA', 'J2 PRIME', '8.00', '15.00', '20.00', '', 'STARRY', 'TIENDA SAN MARTIN', 66),
(1707, 'GENERICA', 'S3', '8.00', '15.00', '20.00', '', 'STARRY', 'TIENDA SAN MARTIN', 2),
(1708, 'GENERICA', 'S3 MINI', '8.00', '15.00', '20.00', '', 'STARRY', 'TIENDA SAN MARTIN', 66),
(1709, 'GENERICA', 'S4', '8.00', '15.00', '20.00', '', 'STARRY', 'TIENDA SAN MARTIN', 66),
(1710, 'GENERICA', 'S4 MINI', '8.00', '15.00', '20.00', '', 'STARRY', 'TIENDA SAN MARTIN', 66),
(1711, 'GENERICA', 'S5', '8.00', '15.00', '20.00', '', 'STARRY', 'TIENDA SAN MARTIN', 66),
(1712, 'GENERICA', 'S5 MINI', '8.00', '15.00', '20.00', '', 'STARRY', 'TIENDA SAN MARTIN', 66),
(1713, 'GENERICA', 'C3', '8.00', '15.00', '20.00', '', 'STARRY', 'TIENDA SAN MARTIN', 66),
(1714, 'GENERICA', 'C5', '8.00', '15.00', '20.00', '', 'STARRY', 'TIENDA SAN MARTIN', 66),
(1715, 'GENERICA', 'C7', '8.00', '15.00', '20.00', '', 'STARRY', 'TIENDA SAN MARTIN', 66),
(1716, 'GENERICA', 'C9', '8.00', '15.00', '20.00', '', 'STARRY', 'TIENDA SAN MARTIN', 66),
(1717, 'GENERICA', 'G360', '8.00', '15.00', '20.00', '', 'STARRY', 'TIENDA SAN MARTIN', 66),
(1718, 'GENERICA', 'IP4', '8.00', '15.00', '20.00', '', 'STARRY', 'TIENDA SAN MARTIN', 2),
(1719, 'GENERICA', '8', '15.00', '20.00', '0.00', '', 'STARRY', 'TIENDA SAN MARTIN', 66),
(1720, 'GENERICA', 'NOTE 4', '8.00', '15.00', '20.00', '', 'STARRY', 'TIENDA SAN MARTIN', 66),
(1721, 'GENERICA', 'NOTE 3', '8.00', '15.00', '20.00', '', 'STARRY', 'TIENDA SAN MARTIN', 66),
(1722, 'GENERICA', '3.5 - 4.0', '5.00', '7.00', '10.00', '', 'STARRY', 'TIENDA SAN MARTIN', 67),
(1723, 'GENERICA', '4.0 - 4.5 ', '5.00', '7.00', '10.00', '', 'STARRY', 'TIENDA SAN MARTIN', 67),
(1724, 'GENERICA', '4.5 - 5.0', '5.00', '7.00', '10.00', '', 'STARRY', 'TIENDA SAN MARTIN', 67),
(1725, 'GENERICA', '5.0 - 5.5', '5.00', '7.00', '10.00', '', 'STARRY', 'TIENDA SAN MARTIN', 67),
(1726, 'GENERICA', '5.5 - 6.0', '5.00', '7.00', '10.00', '', 'STARRY', 'TIENDA SAN MARTIN', 67),
(1727, 'Gummy', 'J1 ', '8.00', '15.00', '20.00', '', 'STARRY', 'TIENDA SAN MARTIN', 68),
(1728, 'Gummy', 'J1 MINI', '8.00', '15.00', '20.00', '', 'STARRY', 'TIENDA SAN MARTIN', 68),
(1729, 'Gummy', 'J2', '8.00', '15.00', '20.00', '', 'STARRY', 'TIENDA SAN MARTIN', 68),
(1730, 'Gummy', 'J5 PRIME', '8.00', '15.00', '20.00', '', 'STARRY', 'TIENDA SAN MARTIN', 68),
(1731, 'Gummy', 'J5 2016', '8.00', '15.00', '20.00', '', 'STARRY', 'TIENDA SAN MARTIN', 68),
(1732, 'Gummy', 'J7 2016', '8.00', '15.00', '20.00', '', 'STARRY', 'TIENDA SAN MARTIN', 68),
(1733, 'Gummy', 'Y360', '8.00', '15.00', '20.00', '', 'STARRY', 'TIENDA SAN MARTIN', 68),
(1734, 'Gummy', 'Y520', '8.00', '15.00', '20.00', '', 'STARRY', 'TIENDA SAN MARTIN', 68),
(1735, 'Gummy', 'GR5 ', '8.00', '15.00', '20.00', '', 'STARRY', 'TIENDA SAN MARTIN', 68),
(1736, 'Gummy', 'G360', '8.00', '15.00', '20.00', '', 'STARRY', 'TIENDA SAN MARTIN', 68),
(1737, 'Gummy', 'G2', '8.00', '15.00', '20.00', '', 'STARRY', 'TIENDA SAN MARTIN', 68),
(1738, 'Gummy', 'G3 ', '8.00', '15.00', '20.00', '', 'STARRY', 'TIENDA SAN MARTIN', 68),
(1739, 'Gummy', 'S4', '8.00', '15.00', '20.00', '', 'STARRY', 'TIENDA SAN MARTIN', 68),
(1740, 'Gummy', 'S5', '8.00', '15.00', '20.00', '', 'STARRY', 'TIENDA SAN MARTIN', 68),
(1741, 'Gummy', 'A3 2016', '8.00', '15.00', '20.00', '', 'STARRY', 'TIENDA SAN MARTIN', 68),
(1742, 'Gummy', 'K4', '8.00', '15.00', '20.00', '', 'STARRY', 'TIENDA SAN MARTIN', 68),
(1743, 'Gummy', 'A3 2017', '8.00', '15.00', '20.00', '', 'STARRY', 'TIENDA SAN MARTIN', 68),
(1744, 'Gummy', 'P8 ', '8.00', '15.00', '20.00', '', 'STARRY', 'TIENDA SAN MARTIN', 68),
(1745, 'Gummy', 'MATE 8 ', '8.00', '15.00', '20.00', '', 'STARRY', 'TIENDA SAN MARTIN', 68),
(1746, 'Verus', 'GR3 ', '5.00', '8.00', '10.00', '', 'STARRY', 'TIENDA SAN MARTIN', 69),
(1747, 'Verus', 'GR5 ', '5.00', '8.00', '10.00', '', 'STARRY', 'TIENDA SAN MARTIN', 69),
(1748, 'Verus', 'GR360', '5.00', '8.00', '10.00', '', 'STARRY', 'TIENDA SAN MARTIN', 69),
(1749, 'Verus', '360', '5.00', '8.00', '10.00', '', 'STARRY', 'TIENDA SAN MARTIN', 69),
(1750, 'Verus', 'M4 AQUA', '5.00', '8.00', '10.00', '', 'STARRY', 'TIENDA SAN MARTIN', 69),
(1751, 'Verus', 'MG2', '5.00', '8.00', '10.00', '', 'STARRY', 'TIENDA SAN MARTIN', 69),
(1752, 'Verus', 'MG3', '5.00', '8.00', '10.00', '', 'STARRY', 'TIENDA SAN MARTIN', 69),
(1753, 'Verus', 'S6', '5.00', '8.00', '10.00', '', 'STARRY', 'TIENDA SAN MARTIN', 69),
(1754, 'Verus', 'S6 EDGE', '5.00', '8.00', '10.00', '', 'STARRY', 'TIENDA SAN MARTIN', 69),
(1755, 'Verus', 'Y635', '5.00', '8.00', '10.00', '', 'STARRY', 'TIENDA SAN MARTIN', 69),
(1756, 'Verus', 'Z5 ', '5.00', '8.00', '10.00', '', 'STARRY', 'TIENDA SAN MARTIN', 69),
(1757, 'Verus', 'LG770', '5.00', '8.00', '10.00', '', 'STARRY', 'TIENDA SAN MARTIN', 69),
(1758, 'Verus', 'IP 5', '5.00', '8.00', '10.00', '', 'STARRY', 'TIENDA SAN MARTIN', 69),
(1759, 'Verus', 'P9 ', '5.00', '8.00', '10.00', '', 'STARRY', 'TIENDA SAN MARTIN', 69),
(1760, 'Verus', 'P9 LITE', '5.00', '8.00', '10.00', '', 'STARRY', 'TIENDA SAN MARTIN', 69),
(1761, 'Verus', 'J5 ', '5.00', '8.00', '10.00', '', 'STARRY', 'TIENDA SAN MARTIN', 69),
(1762, 'GENERICA', 'J1 MINI', '3.50', '6.00', '8.00', '', 'STARRY', 'TIENDA SAN MARTIN', 26),
(1763, 'GENERICA', 'J2', '3.50', '6.00', '8.00', '', 'STARRY', 'TIENDA SAN MARTIN', 26),
(1764, 'GENERICA', 'J3', '3.50', '6.00', '8.00', '', 'STARRY', 'TIENDA SAN MARTIN', 26),
(1765, 'GENERICA', 'J3 PRIME', '3.50', '6.00', '8.00', '', 'STARRY', 'TIENDA SAN MARTIN', 26),
(1766, 'GENERICA', 'J5 ', '3.50', '6.00', '8.00', '', 'STARRY', 'TIENDA SAN MARTIN', 26),
(1767, 'GENERICA', 'J5 PRIME', '3.50', '6.00', '8.00', '', 'STARRY', 'TIENDA SAN MARTIN', 26),
(1768, 'GENERICA', 'J7 ', '3.50', '6.00', '8.00', '', 'STARRY', 'TIENDA SAN MARTIN', 26),
(1769, 'GENERICA', 'J7 PRIME', '3.50', '6.00', '8.00', '', 'STARRY', 'TIENDA SAN MARTIN', 26),
(1770, 'GENERICA', 'J7 2016', '3.50', '6.00', '8.00', '', 'STARRY', 'TIENDA SAN MARTIN', 26),
(1771, 'GENERICA', 'S3', '3.50', '6.00', '8.00', '', 'STARRY', 'TIENDA SAN MARTIN', 26),
(1772, 'GENERICA', 'S4', '3.50', '6.00', '8.00', '', 'STARRY', 'TIENDA SAN MARTIN', 26),
(1773, 'GENERICA', 'S5', '3.50', '6.00', '8.00', '', 'STARRY', 'TIENDA SAN MARTIN', 26),
(1774, 'GENERICA', 'S6', '3.50', '6.00', '8.00', '', 'STARRY', 'TIENDA SAN MARTIN', 26),
(1775, 'GENERICA', 'S6 EDGE', '3.50', '6.00', '8.00', '', 'STARRY', 'TIENDA SAN MARTIN', 26),
(1776, 'GENERICA', 'S7', '3.50', '6.00', '8.00', '', 'STARRY', 'TIENDA SAN MARTIN', 26),
(1777, 'GENERICA', 'XA', '3.50', '6.00', '8.00', '', 'STARRY', 'TIENDA SAN MARTIN', 26),
(1778, 'GENERICA', 'XA ULTRA', '3.50', '6.00', '8.00', '', 'STARRY', 'TIENDA SAN MARTIN', 26),
(1779, 'GENERICA', 'Z4', '3.50', '6.00', '8.00', '', 'STARRY', 'TIENDA SAN MARTIN', 26),
(1780, 'GENERICA', 'IP5', '3.50', '6.00', '8.00', '', 'STARRY', 'TIENDA SAN MARTIN', 26),
(1781, 'GENERICA', 'IP6', '3.50', '6.00', '8.00', '', 'STARRY', 'TIENDA SAN MARTIN', 26),
(1782, 'GENERICA', 'IP6 PLUS', '3.50', '6.00', '8.00', '', 'STARRY', 'TIENDA SAN MARTIN', 26),
(1783, 'GENERICA', 'IP7 PLUS', '3.50', '6.00', '8.00', '', 'STARRY', 'TIENDA SAN MARTIN', 26),
(1784, 'GENERICA', 'NOTE 4', '3.50', '6.00', '8.00', '', 'STARRY', 'TIENDA SAN MARTIN', 26),
(1785, 'GENERICA', 'NOTE 5', '3.50', '6.00', '8.00', '', 'STARRY', 'TIENDA SAN MARTIN', 26),
(1786, 'GENERICA', 'P8 LITE', '3.50', '6.00', '8.00', '', 'STARRY', 'TIENDA SAN MARTIN', 26),
(1787, 'GENERICA', 'P9 LITE', '3.50', '6.00', '8.00', '', 'STARRY', 'TIENDA SAN MARTIN', 26),
(1788, 'GENERICA', 'Y5 II', '3.50', '6.00', '8.00', '', 'STARRY', 'TIENDA SAN MARTIN', 26),
(1789, 'GENERICA', 'A3 2017', '6.00', '13.00', '15.00', '', 'STARRY', 'TIENDA SAN MARTIN', 72),
(1790, 'GENERICA', 'XA', '6.00', '13.00', '15.00', '', 'STARRY', 'TIENDA SAN MARTIN', 72),
(1791, 'GENERICA', 'S6 EDGE', '6.00', '13.00', '15.00', '', 'STARRY', 'TIENDA SAN MARTIN', 72),
(1792, 'GENERICA', 'S7', '6.00', '13.00', '15.00', '', 'STARRY', 'TIENDA SAN MARTIN', 72),
(1793, 'GENERICA', 'IP 5', '6.00', '13.00', '15.00', '', 'STARRY', 'TIENDA SAN MARTIN', 72),
(1794, 'GENERICA', 'IP 6', '6.00', '13.00', '15.00', '', 'STARRY', 'TIENDA SAN MARTIN', 72),
(1795, 'GENERICA', '6G PLUS', '6.00', '13.00', '15.00', '', 'STARRY', 'TIENDA SAN MARTIN', 72),
(1796, 'GENERICA', 'IP 6 PLUS', '6.00', '13.00', '15.00', '', 'STARRY', 'TIENDA SAN MARTIN', 72),
(1797, 'GENERICA', 'IP7', '6.00', '13.00', '15.00', '', 'STARRY', 'TIENDA SAN MARTIN', 72),
(1798, 'GENERICA', 'IP7 PLUS', '6.00', '13.00', '15.00', '', 'STARRY', 'TIENDA SAN MARTIN', 72),
(1799, 'Motomo', 'J5 PRIME', '5.00', '9.00', '13.00', '', 'STARRY', 'TIENDA SAN MARTIN', 65),
(1800, 'Motomo', 'NOTE 5', '5.00', '9.00', '13.00', '', 'STARRY', 'TIENDA SAN MARTIN', 65),
(1801, 'Motomo', 'IP7 PLUS', '5.00', '9.00', '13.00', '', 'STARRY', 'TIENDA SAN MARTIN', 65),
(1802, 'Motomo', 'S6 EDGE', '5.00', '9.00', '13.00', '', 'STARRY', 'TIENDA SAN MARTIN', 65),
(1803, 'Motomo', 'IP7', '5.00', '9.00', '13.00', '', 'STARRY', 'TIENDA SAN MARTIN', 65),
(1804, 'GENERICA', 'J5 PRO', '8.00', '15.00', '18.00', '', 'STARRY', 'TIENDA SAN MARTIN', 73),
(1805, 'GENERICA', 'J7 PRO', '8.00', '15.00', '18.00', '', 'STARRY', 'TIENDA SAN MARTIN', 73),
(1806, 'GENERICA', 'A5 2017', '5.00', '8.00', '10.00', '', 'STARRY', 'TIENDA SAN MARTIN', 5),
(1807, 'GENERICA', 'A7 2017', '5.00', '8.00', '10.00', '', 'STARRY', 'TIENDA SAN MARTIN', 5),
(1808, 'GENERICA', 'J2 PRIME', '5.00', '8.00', '10.00', '', 'STARRY', 'TIENDA SAN MARTIN', 5),
(1809, 'GENERICA', 'J7 PRIME', '5.00', '8.00', '10.00', '', 'STARRY', 'TIENDA SAN MARTIN', 5),
(1810, 'GENERICA', 'IP6 ', '5.00', '8.00', '10.00', '', 'STARRY', 'TIENDA SAN MARTIN', 5),
(1811, 'GENERICA', 'IP7', '5.00', '8.00', '10.00', '', 'STARRY', 'TIENDA SAN MARTIN', 5),
(1812, 'GENERICA', 'S8', '5.00', '8.00', '10.00', '', 'STARRY', 'TIENDA SAN MARTIN', 5),
(1813, 'GENERICA', 'S8 PLUS', '5.00', '8.00', '10.00', '', 'STARRY', 'TIENDA SAN MARTIN', 5),
(1814, 'GENERICA', 'IP7 PLUS', '5.50', '8.00', '11.00', '', 'STARRY', 'TIENDA SAN MARTIN', 71),
(1815, 'GENERICA', 'IP7', '5.50', '8.00', '11.00', '', 'STARRY', 'TIENDA SAN MARTIN', 71),
(1816, 'GENERICA', 'S8', '5.50', '8.00', '11.00', '', 'STARRY', 'TIENDA SAN MARTIN', 71),
(1817, 'GENERICA', 'S8 PLUS', '5.50', '8.00', '11.00', '', 'STARRY', 'TIENDA SAN MARTIN', 71),
(1818, 'GENERICA', 'A520', '5.50', '8.00', '11.00', '', 'STARRY', 'TIENDA SAN MARTIN', 71),
(1819, 'GENERICA', 'A7 2017', '5.50', '8.00', '11.00', '', 'STARRY', 'TIENDA SAN MARTIN', 71),
(1820, 'GENERICA', 'P9 LITE', '5.50', '8.00', '11.00', '', 'STARRY', 'TIENDA SAN MARTIN', 71),
(1821, 'GENERICA', 'MATE 9 ', '5.50', '8.00', '11.00', '', 'STARRY', 'TIENDA SAN MARTIN', 71),
(1822, 'GENERICA', 'MATE 9 LITE', '5.50', '8.00', '11.00', '', 'STARRY', 'TIENDA SAN MARTIN', 71),
(1823, 'GENERICA', 'S3', '8.00', '15.00', '20.00', '', 'STARRY', 'TIENDA SAN MARTIN', 66),
(1824, 'GENERICA', 'IP4', '8.00', '15.00', '20.00', '', 'STARRY', 'TIENDA SAN MARTIN', 66),
(1825, 'GENERICA', 'IP5', '8.00', '15.00', '20.00', '', 'STARRY', 'TIENDA SAN MARTIN', 66),
(1826, 'GENERICA', 'S7 EDGE', '3.50', '6.00', '8.00', '', 'STARRY', 'TIENDA SAN MARTIN', 26),
(1827, 'GENERICA', 'S6 EDGE GOLD', '6.00', '12.00', '15.00', '', 'STARRY', 'TIENDA SAN MARTIN', 20),
(1828, 'GENERICA', 'S6 EDGE BLACK', '6.00', '12.00', '15.00', '', 'STARRY', 'TIENDA SAN MARTIN', 20),
(1829, 'GENERICA', 'S6 EDGE BLUE ', '6.00', '12.00', '15.00', '', 'STARRY', 'TIENDA SAN MARTIN', 20),
(1830, 'GENERICA', 'S6 EDGE WHITE ', '6.00', '12.00', '15.00', '', 'STARRY', 'TIENDA SAN MARTIN', 20),
(1831, 'GENERICA', 'S6 EDGE CLEAR', '6.00', '12.00', '15.00', '', 'STARRY', 'TIENDA SAN MARTIN', 20),
(1832, 'GENERICA', 'S6 EDGE PLUS GOLD', '6.00', '12.00', '15.00', '', 'STARRY', 'TIENDA SAN MARTIN', 20),
(1833, 'GENERICA', 'S6 EDGE PLUS BLACK', '6.00', '12.00', '15.00', '', 'STARRY', 'TIENDA SAN MARTIN', 20),
(1834, 'GENERICA', 'S6 EDGE PLUS BLUE', '6.00', '12.00', '15.00', '', 'STARRY', 'TIENDA SAN MARTIN', 20),
(1835, 'GENERICA', 'S6 EDGE PLUS WHITE', '6.00', '12.00', '15.00', '', 'STARRY', 'TIENDA SAN MARTIN', 20),
(1836, 'GENERICA', 'S6 EDGE PLUS CLEAR', '6.00', '12.00', '15.00', '', 'STARRY', 'TIENDA SAN MARTIN', 20),
(1837, 'GENERICA', 'S7 EDGE GOLD', '6.00', '12.00', '15.00', '', 'STARRY', 'TIENDA SAN MARTIN', 20),
(1838, 'GENERICA', 'S7 EDGE BLACK', '6.00', '12.00', '15.00', '', 'STARRY', 'TIENDA SAN MARTIN', 20),
(1839, 'GENERICA', 'S7 EDGE BLUE', '6.00', '12.00', '15.00', '', 'STARRY', 'TIENDA SAN MARTIN', 20),
(1840, 'GENERICA', 'S7 WHITE', '6.00', '12.00', '15.00', '', 'STARRY', 'TIENDA SAN MARTIN', 20),
(1841, 'GENERICA', 'S7 EDGE  WHITE', '6.00', '12.00', '15.00', '', 'STARRY', 'TIENDA SAN MARTIN', 20),
(1842, 'GENERICA', 'S7 EDGE CLEAR', '6.00', '12.00', '15.00', '', 'STARRY', 'TIENDA SAN MARTIN', 20),
(1843, 'GENERICA', 'S8 PLUS GOLD', '6.00', '12.00', '15.00', '', 'STARRY', 'TIENDA SAN MARTIN', 20),
(1844, 'GENERICA', 'S8 PLUS BLACK', '6.00', '12.00', '15.00', '', 'STARRY', 'TIENDA SAN MARTIN', 20),
(1845, 'GENERICA', 'S8 PLUS BLUE', '6.00', '12.00', '15.00', '', 'STARRY', 'TIENDA SAN MARTIN', 20),
(1846, 'GENERICA', 'S8 PLUS WHITE ', '6.00', '12.00', '15.00', '', 'STARRY', 'TIENDA SAN MARTIN', 20),
(1847, 'GENERICA', 'S8 PLUS CLEAR', '6.00', '12.00', '15.00', '', 'STARRY', 'TIENDA SAN MARTIN', 2),
(1848, 'GENERICA', 'S8 GOLD', '6.00', '12.00', '15.00', '', 'STARRY', 'TIENDA SAN MARTIN', 20),
(1849, 'GENERICA', 'S8 BLACK', '6.00', '12.00', '15.00', '', 'STARRY', 'TIENDA SAN MARTIN', 20),
(1850, 'GENERICA', 'S8 BLUE', '6.00', '12.00', '15.00', '', 'STARRY', 'TIENDA SAN MARTIN', 20),
(1851, 'GENERICA', 'S8 WHITE', '6.00', '12.00', '15.00', '', 'STARRY', 'TIENDA SAN MARTIN', 20),
(1852, 'GENERICA', 'S8 CLEAR', '6.00', '12.00', '15.00', '', 'STARRY', 'TIENDA SAN MARTIN', 20),
(1853, 'GENERICA', 'NOTE 8 GOLD', '6.00', '12.00', '15.00', '', 'STARRY', 'TIENDA SAN MARTIN', 20),
(1854, 'GENERICA', 'NOTE 8 BLACK ', '6.00', '12.00', '15.00', '', 'STARRY', 'TIENDA SAN MARTIN', 20),
(1855, 'GENERICA', 'NOTE 8 BLUE', '6.00', '12.00', '15.00', '', 'STARRY', 'TIENDA SAN MARTIN', 20),
(1856, 'GENERICA', 'NOTE 8 WHITE', '6.00', '12.00', '15.00', '', 'STARRY', 'TIENDA SAN MARTIN', 20),
(1857, 'GENERICA', 'NOTE 8 CLEAR', '6.00', '12.00', '15.00', '', 'STARRY', 'TIENDA SAN MARTIN', 20),
(1858, 'GENERICA', 'NOTE 7 GOLD', '6.00', '12.00', '15.00', '', 'STARRY', 'TIENDA SAN MARTIN', 20),
(1859, 'GENERICA', 'NOTE 7 BLACK', '6.00', '12.00', '15.00', '', 'STARRY', 'TIENDA SAN MARTIN', 20),
(1860, 'GENERICA', 'NOTE 7 BLUE ', '6.00', '12.00', '15.00', '', 'STARRY', 'TIENDA SAN MARTIN', 20),
(1861, 'GENERICA', 'NOTE 7 WHITE', '6.00', '12.00', '15.00', '', 'STARRY', 'TIENDA SAN MARTIN', 20),
(1862, 'GENERICA', 'NOTE 7 CLEAR', '6.00', '12.00', '15.00', '', 'STARRY', 'TIENDA SAN MARTIN', 20),
(2012, 'Samsung', 'TAB E-8', '4.00', '8.00', '10.00', '', 'STARRY', 'TIENDA 25 DE MAYO', 27),
(2013, 'Samsung', ' TAB  4-7', '4.00', '8.00', '10.00', '', 'STARRY', 'TIENDA 25 DE MAYO', 27),
(2014, 'Samsung', 'TAB A-7', '4.00', '8.00', '10.00', '', 'STARRY', 'TIENDA 25 DE MAYO', 27),
(2015, 'Samsung', 'TAB A-8', '4.00', '8.00', '10.00', '', 'STARRY', 'TIENDA 25 DE MAYO', 27),
(2016, 'Samsung', 'TAB 4-10', '6.00', '9.00', '12.00', '', 'STARRY', 'TIENDA 25 DE MAYO', 27),
(2018, 'Samsung', 'TAB E9.7', '5.00', '9.00', '12.00', '', 'STARRY', 'TIENDA 25 DE MAYO', 27),
(2019, 'Samsung', 'TAB A-10', '4.00', '8.00', '10.00', '', 'STARRY', 'TIENDA 25 DE MAYO', 27),
(2020, 'Samsung', 'IPAD 5/6', '4.00', '8.00', '10.00', '', 'STARRY', 'TIENDA 25 DE MAYO', 27),
(2021, 'Apple', 'IPAD PRO 12.9', '7.00', '18.00', '20.00', '', 'STARRY', 'TIENDA 25 DE MAYO', 27),
(2022, 'Apple', 'IPAD 2-3-4', '4.00', '8.00', '10.00', '', 'STARRY', 'TIENDA 25 DE MAYO', 27),
(2023, 'Apple', 'IPAD MINI 2/3', '4.00', '8.00', '10.00', '', 'STARRY', 'TIENDA 25 DE MAYO', 27),
(2024, 'Apple', 'IPD PRO 9-7', '5.00', '9.00', '12.00', '', 'STARRY', 'TIENDA 25 DE MAYO', 27),
(2025, 'GENERICA', 'S6 EDGE', '2.00', '2.70', '4.00', '', 'STARRY', 'TIENDA 25 DE MAYO', 28),
(2026, 'GENERICA', 'S7 EDGE', '2.00', '2.70', '4.00', '', 'STARRY', 'TIENDA 25 DE MAYO', 28),
(2027, 'GENERICA', 'S8', '2.00', '2.70', '4.00', '', 'STARRY', 'TIENDA 25 DE MAYO', 28),
(2028, 'GENERICA', 'S8 PLUS', '2.00', '2.70', '4.00', '', 'STARRY', 'TIENDA 25 DE MAYO', 28),
(2029, 'GENERICA', 'S9 PLUS', '2.00', '2.70', '4.00', '', 'STARRY', 'TIENDA 25 DE MAYO', 28),
(2030, 'GENERICA', 'S9 ', '2.00', '2.70', '4.00', '', 'STARRY', 'TIENDA 25 DE MAYO', 28),
(2031, 'GENERICA', 'A8', '2.00', '2.70', '4.00', '', 'STARRY', 'TIENDA 25 DE MAYO', 28),
(2032, 'GENERICA', 'A8 Plus', '2.00', '2.70', '4.00', '', 'STARRY', 'TIENDA 25 DE MAYO', 28),
(2033, 'GENERICA', 'Note 8 ', '2.00', '2.70', '4.00', '', 'STARRY', 'TIENDA 25 DE MAYO', 28),
(2034, 'GENERICA', 'MATE 10', '2.00', '2.70', '4.00', '', 'STARRY', 'TIENDA 25 DE MAYO', 28),
(2035, 'GENERICA', 'Mate 10 Lite', '2.00', '2.70', '4.00', '', 'STARRY', 'TIENDA 25 DE MAYO', 28),
(2036, 'GENERICA', 'Mate 10 Pro', '2.00', '2.70', '4.00', '', 'STARRY', 'TIENDA 25 DE MAYO', 28),
(2037, 'Apple', 'IPADPRO 9-7', '5.00', '9.00', '12.00', '', 'STARRY', 'TIENDA 25 DE MAYO', 27),
(2038, 'GENERICA', 'S7 EDGE BACK', '2.00', '2.70', '4.00', '', 'STARRY', 'TIENDA 25 DE MAYO', 28),
(2039, 'GENERICA', 'S8  PLUS BACK', '2.00', '2.70', '4.00', '', 'STARRY', 'TIENDA 25 DE MAYO', 28),
(2040, 'GENERICA', 'S9 BACK', '2.00', '2.70', '4.00', '', 'STARRY', 'TIENDA 25 DE MAYO', 28),
(2041, 'GENERICA', 'S9 PLUS BACK', '2.00', '2.70', '4.00', '', 'STARRY', 'TIENDA 25 DE MAYO', 28),
(2042, 'Huawei', 'T 3-7', '4.00', '8.00', '10.00', '', 'STARRY', 'TIENDA 25 DE MAYO', 27),
(2043, 'Huawei', 'T 3-10', '6.00', '9.00', '12.00', '', 'STARRY', 'TIENDA 25 DE MAYO', 27),
(2044, 'Huawei', 'T 3-10.1', '6.00', '9.00', '12.00', '', 'STARRY', 'TIENDA 25 DE MAYO', 27),
(2045, 'Huawei', 'TAB T 1-10', '6.00', '9.00', '12.00', '', 'STARRY', 'TIENDA 25 DE MAYO', 27),
(2046, 'Huawei', 'TABMEDIA T 1-10', '6.00', '9.00', '12.00', '', 'STARRY', 'TIENDA 25 DE MAYO', 27),
(2047, 'GENERICA', 'Negro Standard', '4.00', '8.00', '10.00', '', 'JACKY', 'TIENDA 25 DE MAYO', 76),
(2048, 'GENERICA', 'Azul Standard', '4.00', '8.00', '10.00', '', 'JACKY', 'TIENDA 25 DE MAYO', 76),
(2049, 'GENERICA', 'Celeste Standard', '4.00', '8.00', '10.00', '', 'JACKY', 'TIENDA 25 DE MAYO', 76),
(2050, 'GENERICA', 'Blanco Standard', '4.00', '8.00', '10.00', '', 'JACKY', 'TIENDA 25 DE MAYO', 76),
(2051, 'GENERICA', 'Rojo Standard', '4.00', '8.00', '10.00', '', 'JACKY', 'TIENDA 25 DE MAYO', 76),
(2052, 'GENERICA', 'Purpura Standard', '4.00', '8.00', '10.00', '', 'JACKY', 'TIENDA 25 DE MAYO', 76),
(2053, 'GENERICA', 'Rosado Standard', '4.00', '8.00', '10.00', '', 'JACKY', 'TIENDA 25 DE MAYO', 76),
(2054, 'GENERICA', 'Fucsia Standard', '4.00', '8.00', '10.00', '', 'JACKY', 'TIENDA 25 DE MAYO', 76),
(2055, 'GENERICA', 'S8 Plus', '3.00', '6.00', '8.00', '', 'JACKY', 'TIENDA 25 DE MAYO', 75),
(2056, 'GENERICA', 'Note 8', '3.00', '6.00', '8.00', '', 'JACKY', 'TIENDA 25 DE MAYO', 75),
(2057, 'GENERICA', 'S9', '3.00', '6.00', '8.00', '', 'JACKY', 'TIENDA 25 DE MAYO', 75),
(2058, 'GENERICA', 'S9 Plus', '3.00', '6.00', '8.00', '', 'JACKY', 'TIENDA 25 DE MAYO', 75),
(2059, 'GENERICA', 'S8 ', '3.00', '6.00', '8.00', '', 'JACKY', 'TIENDA 25 DE MAYO', 75),
(2060, 'GENERICA', 'S7 Edge', '3.00', '6.00', '8.00', '', 'JACKY', 'TIENDA 25 DE MAYO', 75),
(2061, 'GENERICA', 'P20', '3.00', '6.00', '8.00', '', 'JACKY', 'TIENDA 25 DE MAYO', 75),
(2062, 'GENERICA', 'P20 Pro', '3.00', '6.00', '8.00', '', 'JACKY', 'TIENDA 25 DE MAYO', 75),
(2063, 'GENERICA', 'P20 Lite', '3.00', '6.00', '8.00', '', 'JACKY', 'TIENDA 25 DE MAYO', 75),
(2064, 'GENERICA', 'J2 Pro', '5.00', '9.00', '10.00', '', 'JACKY', 'TIENDA 25 DE MAYO', 77),
(2065, 'GENERICA', 'P20 Lite', '5.00', '9.00', '10.00', '', 'JACKY', 'TIENDA 25 DE MAYO', 77),
(2066, 'GENERICA', 'P20 Pro', '5.00', '9.00', '10.00', '', 'JACKY', 'TIENDA 25 DE MAYO', 77),
(2067, 'GENERICA', 'P20', '5.00', '9.00', '10.00', '', 'JACKY', 'TIENDA 25 DE MAYO', 77),
(2068, 'GENERICA', 'Mate 10 Pro', '5.00', '9.00', '10.00', '', 'JACKY', 'TIENDA 25 DE MAYO', 77),
(2069, 'GENERICA', 'S9', '5.00', '9.00', '10.00', '', 'JACKY', 'TIENDA 25 DE MAYO', 77),
(2070, 'GENERICA', 'S9 Plus', '5.00', '9.00', '10.00', '', 'JACKY', 'TIENDA 25 DE MAYO', 77),
(2071, 'GENERICA', 'J2 Pro', '5.00', '9.00', '10.00', '', 'JACKY', 'TIENDA 25 DE MAYO', 78),
(2072, 'GENERICA', 'P20 Lite', '5.00', '9.00', '10.00', '', 'JACKY', 'TIENDA 25 DE MAYO', 78),
(2073, 'GENERICA', 'P20 Pro', '5.00', '9.00', '10.00', '', 'JACKY', 'TIENDA 25 DE MAYO', 78),
(2074, 'GENERICA', 'Iphone X', '5.00', '9.00', '10.00', '', 'JACKY', 'TIENDA 25 DE MAYO', 78),
(2075, 'GENERICA', 'Iphone X', '1.00', '2.00', '3.00', '', 'GinFeng', 'TIENDA 25 DE MAYO', 80),
(2076, 'GENERICA', 'Iphone 8', '1.00', '2.00', '3.00', '', 'GinFeng', 'TIENDA 25 DE MAYO', 80),
(2077, 'GENERICA', 'Iphone 8 Plus', '1.00', '2.00', '3.00', '', 'GinFeng', 'TIENDA 25 DE MAYO', 80),
(2079, 'GENERICA', 'J1 ACE', '5.00', '9.00', '10.00', '', 'STARRY', 'TIENDA 25 DE MAYO', 77),
(2080, 'GENERICA', 'J7 2016', '5.00', '9.00', '10.00', '', 'STARRY', 'TIENDA 25 DE MAYO', 77),
(2081, 'GENERICA', 'J7 NEO', '5.00', '9.00', '10.00', '', 'STARRY', 'TIENDA 25 DE MAYO', 77),
(2082, 'GENERICA', 'J7 Duos', '5.00', '9.00', '10.00', '', 'STARRY', 'TIENDA 25 DE MAYO', 77),
(2083, 'GENERICA', 'Xiaomi Note 4', '5.00', '9.00', '10.00', '', 'STARRY', 'TIENDA 25 DE MAYO', 77),
(2084, 'GENERICA', 'Xiaomi Redmi 5A', '5.00', '9.00', '10.00', '', 'STARRY', 'TIENDA 25 DE MAYO', 77),
(2085, 'GENERICA', 'Xiaomi Redmi 5A Prime', '5.00', '9.00', '10.00', '', 'JACKY', 'TIENDA 25 DE MAYO', 77),
(2086, 'GENERICA', 'Xiaomi Redmi 5A Plus', '5.00', '9.00', '10.00', '', 'STARRY', 'TIENDA 25 DE MAYO', 77),
(2087, 'GENERICA', 'Xiaomi MI A1', '5.00', '9.00', '10.00', '', 'STARRY', 'TIENDA 25 DE MAYO', 77),
(2088, 'GENERICA', 'Y6 2018', '5.00', '9.00', '10.00', '', 'STARRY', 'TIENDA 25 DE MAYO', 77),
(2089, 'GENERICA', 'Y7 2018', '5.00', '9.00', '10.00', '', 'STARRY', 'TIENDA 25 DE MAYO', 77),
(2090, 'GENERICA', 'Y9 2018', '5.00', '9.00', '10.00', '', 'STARRY', 'TIENDA 25 DE MAYO', 77),
(2091, 'GENERICA', 'P 20', '5.00', '9.00', '10.00', '', 'STARRY', 'TIENDA 25 DE MAYO', 77),
(2092, 'GENERICA', 'P20 Lite', '5.00', '9.00', '10.00', '', 'STARRY', 'TIENDA 25 DE MAYO', 77),
(2093, 'GENERICA', 'P20 Pro', '5.00', '9.00', '10.00', '', 'STARRY', 'TIENDA 25 DE MAYO', 77),
(2094, 'GENERICA', 'PSMART', '5.00', '9.00', '10.00', '', 'STARRY', 'TIENDA 25 DE MAYO', 77),
(2095, 'GENERICA', 'J2  PRO', '5.00', '9.00', '10.00', '', 'STARRY', 'TIENDA 25 DE MAYO', 78),
(2096, 'GENERICA', 'J2 PRIME', '5.00', '9.00', '10.00', '', 'STARRY', 'TIENDA 25 DE MAYO', 78),
(2097, 'GENERICA', 'P20 Pro', '5.00', '9.00', '10.00', '', 'STARRY', 'TIENDA 25 DE MAYO', 78),
(2098, 'GENERICA', 'P20 Lite', '5.00', '9.00', '10.00', '', 'STARRY', 'TIENDA 25 DE MAYO', 78),
(2099, 'GENERICA', 'IPHONE X', '5.00', '9.00', '10.00', '', 'STARRY', 'TIENDA 25 DE MAYO', 78),
(2117, 'GENERICA', 'S9', '5.00', '9.00', '10.00', '', 'STARRY', 'TIENDA 25 DE MAYO', 77),
(2118, 'GENERICA', 'S9 Plus', '0.00', '0.00', '0.00', '', 'STARRY', 'TIENDA 25 DE MAYO', 77),
(2119, 'GENERICA', 'J2  PRO', '5.00', '9.00', '10.00', '', 'STARRY', 'TIENDA 25 DE MAYO', 77),
(2120, 'GENERICA', 'Mate 10 Pro', '5.00', '9.00', '10.00', '', 'STARRY', 'TIENDA 25 DE MAYO', 77),
(2121, 'GENERICA', 'P10 Lite', '3.50', '7.00', '10.00', '', 'STARRY', 'TIENDA 25 DE MAYO', 79),
(2122, 'GENERICA', 'P20', '3.50', '7.00', '10.00', '', 'STARRY', 'TIENDA 25 DE MAYO', 2),
(2123, 'GENERICA', 'P20 Lite', '3.50', '7.00', '10.00', '', 'STARRY', 'TIENDA 25 DE MAYO', 79),
(2124, 'GENERICA', 'P20 Pro', '3.50', '7.00', '10.00', '', 'STARRY', 'TIENDA 25 DE MAYO', 79),
(2125, 'GENERICA', 'P Smart', '3.50', '7.00', '10.00', '', 'STARRY', 'TIENDA 25 DE MAYO', 79),
(2126, 'GENERICA', 'Y9 2018', '3.50', '7.00', '10.00', '', 'STARRY', 'TIENDA 25 DE MAYO', 79),
(2127, 'GENERICA', 'J7 Duos', '3.50', '7.00', '10.00', '', 'STARRY', 'TIENDA 25 DE MAYO', 79),
(2128, 'GENERICA', 'Y7 2018', '3.50', '7.00', '10.00', '', 'STARRY', 'TIENDA 25 DE MAYO', 79),
(2129, 'GENERICA', 'J7 2016', '3.50', '7.00', '10.00', '', 'STARRY', 'TIENDA 25 DE MAYO', 79),
(2130, 'GENERICA', 'J7 Neo', '3.50', '7.00', '10.00', '', 'STARRY', 'TIENDA 25 DE MAYO', 79),
(2131, 'GENERICA', 'J2 Pro', '3.50', '7.00', '10.00', '', 'STARRY', 'TIENDA 25 DE MAYO', 79),
(2132, 'GENERICA', 'J2 Prime', '3.50', '7.00', '10.00', '', 'STARRY', 'TIENDA 25 DE MAYO', 79),
(2133, 'GENERICA', 'J1 Ace', '3.50', '7.00', '10.00', '', 'STARRY', 'TIENDA 25 DE MAYO', 79),
(2134, 'GENERICA', 'Xiami MI A1', '3.50', '7.00', '10.00', '', 'STARRY', 'TIENDA 25 DE MAYO', 79),
(2135, 'GENERICA', 'Xiaomi Note 5A Prime', '3.50', '7.00', '10.00', '', 'STARRY', 'TIENDA 25 DE MAYO', 79),
(2136, 'GENERICA', 'Xiaomi Note 4', '3.50', '7.00', '10.00', '', 'STARRY', 'TIENDA 25 DE MAYO', 79),
(2137, 'GENERICA', 'P20', '3.50', '7.00', '10.00', '', 'STARRY', 'TIENDA 25 DE MAYO', 79);

-- --------------------------------------------------------

--
-- Table structure for table `proveedor`
--

CREATE TABLE `proveedor` (
  `idproveedor` int(11) NOT NULL,
  `representante` varchar(100) NOT NULL,
  `ubicacion` varchar(100) DEFAULT NULL,
  `telefono` varchar(45) DEFAULT NULL
) ENGINE=InnoDB DEFAULT CHARSET=utf8;

--
-- Dumping data for table `proveedor`
--

INSERT INTO `proveedor` (`idproveedor`, `representante`, `ubicacion`, `telefono`) VALUES
(1, 'STARRY  ', 'CHINA', '-'),
(3, 'DORIS', 'CHINA', '-'),
(4, 'JACKY', 'CHINA', '-'),
(5, 'GinFeng', 'CHINA', '-');

-- --------------------------------------------------------

--
-- Table structure for table `sucursal`
--

CREATE TABLE `sucursal` (
  `idsucursal` int(11) NOT NULL,
  `razon_social` varchar(100) NOT NULL,
  `direccion` varchar(150) NOT NULL,
  `telefono` varchar(15) NOT NULL
) ENGINE=InnoDB DEFAULT CHARSET=utf8;

--
-- Dumping data for table `sucursal`
--

INSERT INTO `sucursal` (`idsucursal`, `razon_social`, `direccion`, `telefono`) VALUES
(1, 'ADMINISTRACION', 'BASE DE DATOS', ''),
(2, 'TIENDA 25 DE MAYO', '25 DE MAYO', ''),
(3, 'TIENDA HEROINAS', 'HEROINAS 325 CASI ESPAÑA', '4792582'),
(4, 'TIENDA TERMINAL', 'TERMINAL DE BUSES INTERIOR', '4555668'),
(5, 'TIENDA SAN MARTIN', 'AV. SAN MARTIN', '4559306');

-- --------------------------------------------------------

--
-- Table structure for table `tipopago`
--

CREATE TABLE `tipopago` (
  `idTipopago` int(11) NOT NULL,
  `Tipopago` varchar(45) NOT NULL
) ENGINE=InnoDB DEFAULT CHARSET=utf8mb4;

--
-- Dumping data for table `tipopago`
--

INSERT INTO `tipopago` (`idTipopago`, `Tipopago`) VALUES
(2, 'Credito'),
(1, 'Efectivo');

-- --------------------------------------------------------

--
-- Table structure for table `tipotransaccion`
--

CREATE TABLE `tipotransaccion` (
  `idTipotransaccion` int(11) NOT NULL,
  `tipotransaccion` varchar(45) NOT NULL
) ENGINE=InnoDB DEFAULT CHARSET=utf8mb4;

--
-- Dumping data for table `tipotransaccion`
--

INSERT INTO `tipotransaccion` (`idTipotransaccion`, `tipotransaccion`) VALUES
(1, 'Compra'),
(2, 'Venta');

-- --------------------------------------------------------

--
-- Table structure for table `tipo_empleado`
--

CREATE TABLE `tipo_empleado` (
  `idtipo_empleado` int(11) NOT NULL,
  `nombre` varchar(45) NOT NULL
) ENGINE=InnoDB DEFAULT CHARSET=utf8;

--
-- Dumping data for table `tipo_empleado`
--

INSERT INTO `tipo_empleado` (`idtipo_empleado`, `nombre`) VALUES
(2, 'Admin'),
(3, 'Empleado'),
(1, 'Super Admin');

-- --------------------------------------------------------

--
-- Table structure for table `transaccion`
--

CREATE TABLE `transaccion` (
  `idTransaccion` int(11) NOT NULL,
  `idTipotransaccion` int(11) NOT NULL,
  `idTipopago` int(11) NOT NULL,
  `fecha` datetime NOT NULL,
  `precio` decimal(15,2) NOT NULL,
  `cantidad` int(11) NOT NULL,
  `detalle` mediumtext,
  `factura` int(11) DEFAULT NULL,
  `deuda` decimal(15,2) DEFAULT NULL,
  `pagoinicial` decimal(15,2) DEFAULT NULL,
  `idempleado` int(11) NOT NULL,
  `idalmacen` int(11) NOT NULL
) ENGINE=InnoDB DEFAULT CHARSET=utf8mb4;

--
-- Indexes for dumped tables
--

--
-- Indexes for table `almacen`
--
ALTER TABLE `almacen`
  ADD PRIMARY KEY (`idalmacen`),
  ADD UNIQUE KEY `idproducto_UNIQUE` (`idproducto`),
  ADD UNIQUE KEY `idalmacen_UNIQUE` (`idalmacen`),
  ADD KEY `fk_producto_has_sucursal_producto1_idx` (`idproducto`);

--
-- Indexes for table `categoria`
--
ALTER TABLE `categoria`
  ADD PRIMARY KEY (`idcategoria`),
  ADD UNIQUE KEY `idcategoria_UNIQUE` (`idcategoria`);

--
-- Indexes for table `empleado`
--
ALTER TABLE `empleado`
  ADD PRIMARY KEY (`idempleado`),
  ADD UNIQUE KEY `username_UNIQUE` (`username`),
  ADD UNIQUE KEY `idempleado_UNIQUE` (`idempleado`),
  ADD UNIQUE KEY `carnet_UNIQUE` (`carnet`),
  ADD KEY `fk_empleado_sucursal1_idx` (`sucursalid`),
  ADD KEY `fk_tipo_usuario_idx` (`tipo_empleado`);

--
-- Indexes for table `listapagos`
--
ALTER TABLE `listapagos`
  ADD PRIMARY KEY (`idListapagos`),
  ADD UNIQUE KEY `idListapagos_UNIQUE` (`idListapagos`),
  ADD KEY `fk_Listapagos_Transaccion1_idx` (`Transaccion_idTransaccion`);

--
-- Indexes for table `marca`
--
ALTER TABLE `marca`
  ADD PRIMARY KEY (`idmarca`),
  ADD UNIQUE KEY `nombre_marca_UNIQUE` (`nombre_marca`),
  ADD UNIQUE KEY `idmarca_UNIQUE` (`idmarca`);

--
-- Indexes for table `producto`
--
ALTER TABLE `producto`
  ADD PRIMARY KEY (`idproducto`),
  ADD UNIQUE KEY `idproducto_UNIQUE` (`idproducto`),
  ADD KEY `fk_marca_idx` (`marca`),
  ADD KEY `fk_proveedor_prod_idx` (`proveedor`),
  ADD KEY `fk_sucursal_prod_idx` (`sucursal`),
  ADD KEY `fk_producto_categoria1_idx` (`categoriaid`);

--
-- Indexes for table `proveedor`
--
ALTER TABLE `proveedor`
  ADD PRIMARY KEY (`idproveedor`),
  ADD UNIQUE KEY `idproveedor_UNIQUE` (`idproveedor`),
  ADD UNIQUE KEY `representante_UNIQUE` (`representante`);

--
-- Indexes for table `sucursal`
--
ALTER TABLE `sucursal`
  ADD PRIMARY KEY (`idsucursal`),
  ADD UNIQUE KEY `idsucursal_UNIQUE` (`idsucursal`),
  ADD UNIQUE KEY `razon_social_UNIQUE` (`razon_social`);

--
-- Indexes for table `tipopago`
--
ALTER TABLE `tipopago`
  ADD PRIMARY KEY (`idTipopago`),
  ADD UNIQUE KEY `Tipopago_UNIQUE` (`Tipopago`),
  ADD UNIQUE KEY `idTipopago_UNIQUE` (`idTipopago`);

--
-- Indexes for table `tipotransaccion`
--
ALTER TABLE `tipotransaccion`
  ADD PRIMARY KEY (`idTipotransaccion`),
  ADD UNIQUE KEY `tipotransaccion_UNIQUE` (`tipotransaccion`),
  ADD UNIQUE KEY `idTipotransaccion_UNIQUE` (`idTipotransaccion`);

--
-- Indexes for table `tipo_empleado`
--
ALTER TABLE `tipo_empleado`
  ADD PRIMARY KEY (`idtipo_empleado`),
  ADD UNIQUE KEY `nombre_UNIQUE` (`nombre`),
  ADD UNIQUE KEY `idtipo_empleado_UNIQUE` (`idtipo_empleado`);

--
-- Indexes for table `transaccion`
--
ALTER TABLE `transaccion`
  ADD PRIMARY KEY (`idTransaccion`),
  ADD UNIQUE KEY `idTransaccion_UNIQUE` (`idTransaccion`),
  ADD KEY `fk_Transaccion_Tipotransaccion1_idx` (`idTipotransaccion`),
  ADD KEY `fk_Transaccion_Tipopago1_idx` (`idTipopago`),
  ADD KEY `fk_Transaccion_empleado1_idx` (`idempleado`),
  ADD KEY `fk_Transaccion_almacen1_idx` (`idalmacen`);

--
-- AUTO_INCREMENT for dumped tables
--

--
-- AUTO_INCREMENT for table `almacen`
--
ALTER TABLE `almacen`
  MODIFY `idalmacen` int(11) NOT NULL AUTO_INCREMENT, AUTO_INCREMENT=550;

--
-- AUTO_INCREMENT for table `categoria`
--
ALTER TABLE `categoria`
  MODIFY `idcategoria` int(11) NOT NULL AUTO_INCREMENT, AUTO_INCREMENT=81;

--
-- AUTO_INCREMENT for table `empleado`
--
ALTER TABLE `empleado`
  MODIFY `idempleado` int(11) NOT NULL AUTO_INCREMENT, AUTO_INCREMENT=6;

--
-- AUTO_INCREMENT for table `marca`
--
ALTER TABLE `marca`
  MODIFY `idmarca` int(11) NOT NULL AUTO_INCREMENT, AUTO_INCREMENT=27;

--
-- AUTO_INCREMENT for table `producto`
--
ALTER TABLE `producto`
  MODIFY `idproducto` int(11) NOT NULL AUTO_INCREMENT, AUTO_INCREMENT=2139;

--
-- AUTO_INCREMENT for table `proveedor`
--
ALTER TABLE `proveedor`
  MODIFY `idproveedor` int(11) NOT NULL AUTO_INCREMENT, AUTO_INCREMENT=6;

--
-- AUTO_INCREMENT for table `sucursal`
--
ALTER TABLE `sucursal`
  MODIFY `idsucursal` int(11) NOT NULL AUTO_INCREMENT, AUTO_INCREMENT=6;

--
-- AUTO_INCREMENT for table `tipopago`
--
ALTER TABLE `tipopago`
  MODIFY `idTipopago` int(11) NOT NULL AUTO_INCREMENT, AUTO_INCREMENT=3;

--
-- AUTO_INCREMENT for table `tipotransaccion`
--
ALTER TABLE `tipotransaccion`
  MODIFY `idTipotransaccion` int(11) NOT NULL AUTO_INCREMENT, AUTO_INCREMENT=3;

--
-- AUTO_INCREMENT for table `tipo_empleado`
--
ALTER TABLE `tipo_empleado`
  MODIFY `idtipo_empleado` int(11) NOT NULL AUTO_INCREMENT, AUTO_INCREMENT=4;

--
-- AUTO_INCREMENT for table `transaccion`
--
ALTER TABLE `transaccion`
  MODIFY `idTransaccion` int(11) NOT NULL AUTO_INCREMENT;

--
-- Constraints for dumped tables
--

--
-- Constraints for table `almacen`
--
ALTER TABLE `almacen`
  ADD CONSTRAINT `fk_producto_has_sucursal_producto1` FOREIGN KEY (`idproducto`) REFERENCES `producto` (`idproducto`) ON UPDATE CASCADE;

--
-- Constraints for table `empleado`
--
ALTER TABLE `empleado`
  ADD CONSTRAINT `fk_empleado_sucursal1` FOREIGN KEY (`sucursalid`) REFERENCES `sucursal` (`idsucursal`) ON DELETE NO ACTION ON UPDATE CASCADE,
  ADD CONSTRAINT `fk_tipo_usuario` FOREIGN KEY (`tipo_empleado`) REFERENCES `tipo_empleado` (`nombre`) ON UPDATE CASCADE;

--
-- Constraints for table `listapagos`
--
ALTER TABLE `listapagos`
  ADD CONSTRAINT `fk_Listapagos_Transaccion1` FOREIGN KEY (`Transaccion_idTransaccion`) REFERENCES `transaccion` (`idTransaccion`) ON DELETE NO ACTION ON UPDATE NO ACTION;

--
-- Constraints for table `producto`
--
ALTER TABLE `producto`
  ADD CONSTRAINT `fk_marca` FOREIGN KEY (`marca`) REFERENCES `marca` (`nombre_marca`) ON UPDATE CASCADE,
  ADD CONSTRAINT `fk_producto_categoria1` FOREIGN KEY (`categoriaid`) REFERENCES `categoria` (`idcategoria`) ON DELETE NO ACTION ON UPDATE NO ACTION,
  ADD CONSTRAINT `fk_proveedor_prod` FOREIGN KEY (`proveedor`) REFERENCES `proveedor` (`representante`) ON UPDATE CASCADE,
  ADD CONSTRAINT `fk_sucursal_prod` FOREIGN KEY (`sucursal`) REFERENCES `sucursal` (`razon_social`) ON UPDATE CASCADE;

--
-- Constraints for table `transaccion`
--
ALTER TABLE `transaccion`
  ADD CONSTRAINT `fk_Transaccion_Tipopago1` FOREIGN KEY (`idTipopago`) REFERENCES `tipopago` (`idTipopago`) ON DELETE NO ACTION ON UPDATE NO ACTION,
  ADD CONSTRAINT `fk_Transaccion_Tipotransaccion1` FOREIGN KEY (`idTipotransaccion`) REFERENCES `tipotransaccion` (`idTipotransaccion`) ON DELETE NO ACTION ON UPDATE NO ACTION,
  ADD CONSTRAINT `fk_Transaccion_almacen1` FOREIGN KEY (`idalmacen`) REFERENCES `almacen` (`idalmacen`) ON DELETE NO ACTION ON UPDATE NO ACTION,
  ADD CONSTRAINT `fk_Transaccion_empleado1` FOREIGN KEY (`idempleado`) REFERENCES `empleado` (`idempleado`) ON DELETE NO ACTION ON UPDATE NO ACTION;
COMMIT;

/*!40101 SET CHARACTER_SET_CLIENT=@OLD_CHARACTER_SET_CLIENT */;
/*!40101 SET CHARACTER_SET_RESULTS=@OLD_CHARACTER_SET_RESULTS */;
/*!40101 SET COLLATION_CONNECTION=@OLD_COLLATION_CONNECTION */;
